"id","country","leader","period","region","path_type","cluster","priority","status","econ_conditions","social","institutional","political","external","unique_aspects","historical_match_1","historical_match_2","historical_match_3","vdem_coverage","data_notes"
"DEU_WEIMAR","Weimar Germany","Ebert → Hindenburg → Hitler","1919–1933","Europe","Collapse","rapid_collapse","High","Completed — canonical collapse","Hyperinflation 1923 destroyed savings; Great Depression -30% GDP 1929–32; mass unemployment 30% by 1932; reparations debt structurally crippling state finances","WWI trauma + stab-in-the-back myth; extreme political polarisation — street violence normalised; middle class economically annihilated turned to extremes; antisemitic scapegoating filling explanatory vacuum","Proportional representation producing ungovernable coalitions; Article 48 emergency powers used 109 times by 1932; presidential system enabling chancellor bypass of parliament; judiciary sympathetic to right-wing violence","NSDAP 2.6% (1928) → 37.4% (1932) in 4 years; elite conservatives miscalculated they could control Hitler; SA street violence making normal politics impossible; Communist threat used to justify emergency measures","Versailles humiliation as perpetual mobilising grievance; US credit withdrawal post-1929 crashed economy; French and British appeasement enabling boldness","Speed of collapse — functioning republic to dictatorship in 63 days after Hitler's appointment. Elite miscalculation (von Papen believing Hitler was controllable) is the single most studied error in democratic collapse literature. No other case moves this fast.","Austria Dollfuß (70%)","Spain Republic 1931 (65%)","Italy Mussolini entry (60%)","Excellent","V-Dem 1900–2024; Bundesarchiv; Institut für Zeitgeschichte München; Reichstag election records"
"ESP_REPUBLIC","Spain (Republic)","Azaña → Popular Front → Franco","1931–1939","Europe","Collapse","polarisation_collapse","High","Completed — civil war","Agrarian economy with extreme inequality; land reform stalled by landlord resistance; industrial north vs agrarian south structural divide; foreign capital flight after 1931 Republic declaration","Church vs secular deep cultural fracture; regional nationalist movements (Catalonia, Basque); extreme class polarisation — landless peasants vs latifundistas; political assassinations normalising violence before war","Young republic with weak legitimacy on all sides; military with tradition of pronunciamiento; Church as parallel institutional power hostile to Republic; no consensus on constitutional rules between factions","Left-right polarisation leaving no centre ground; Popular Front electoral win triggering military response; anarchist/socialist/communist left unable to unify; Franco coup supported by Nazi Germany and Fascist Italy","Nazi Germany and Fascist Italy military support to Franco; Soviet Union support to Republic creating ideological dependency; non-intervention by France and Britain despite treaty obligations","Only case producing full civil war rather than coup or electoral takeover. Intensity of pre-existing social fracture lines (class, religion, region) made negotiated resolution impossible. Three separate left factions fighting each other simultaneously.","Weimar Germany (65%)","Yugoslavia dissolution (55%)","Lebanon consociational failure (45%)","Excellent","V-Dem 1900–2024; Archivo General de la Guerra Civil Española; Preston biography documentation"
"CHL_ALLENDE","Chile","Allende → Pinochet","1970–1973","Latin America","Collapse","external_interference_collapse","High","Completed — 3yr fastest collapse","Allende copper nationalisation threatening US corporate interests; hyperinflation engineered partly by CIA economic destabilisation; truckers strike (externally funded) paralyzing supply chains; black market and hoarding creating artificial scarcity","Middle class radicalised by economic chaos and scarcity; class polarisation but less ethnic/religious than other cases; polarised media — no neutral information environment; women's march of empty pots as middle class opposition symbol","Military with strong professional tradition — coup was not inevitable; Supreme Court and Congress declaring Allende's actions unconstitutional; Christian Democratic Party withdrawing support enabling coup justification; constitution ambiguous on civilian control limits","Allende won with only 36% — never majority mandate; opposition gained congressional majority 1973 midterms; US actively funding opposition parties and destabilisation; coup planned and executed within 3 years of electoral win","CIA Operation FUBELT — active destabilisation programme; ITT Corporation lobbying Nixon for intervention; Nixon economic blockade cutting international credit; Kissinger: I don't see why we need to stand by and watch Chile go communist","Fastest collapse from functioning democracy in the library — 3 years. External interference was decisive, not just contributory. Without CIA destabilisation the economic crisis may have been manageable. Two-level game: domestic polarisation plus external intervention.","Argentina Dirty War (60%)","Iran 1979 (45%)","Greece Junta (50%)","Excellent","V-Dem 1900–2024; CONADEP equivalent (Rettig Report); US National Security Archive declassified CIA documents"
"IRN_1979","Iran","Shah → Khomeini","1977–1979","MENA","Collapse","revolutionary_replacement","High","Completed — theocratic replacement","Oil wealth creating parallel economy bypassing traditional bazaar; rapid modernisation creating displaced traditional middle class; inequality between oil-connected elite and rural/religious poor; inflation from oil boom spending destabilising living costs","Secularisation programme alienating religious establishment; SAVAK political repression eliminating moderate opposition; bazaari merchant class alienated by economic modernisation; students and clergy forming unlikely revolutionary coalition","Shah's personal rule had hollowed all institutions; military loyalty to person not state — collapsed with Shah's departure; no legitimate opposition party to channel dissent; SAVAK created fear but also demonstrated regime fragility","Khomeini providing ideological framework from exile in Paris; Carter human rights pressure forcing Shah to ease repression — destabilising; mass strikes in oil sector economically decisive; no negotiated transition possible — complete revolutionary replacement","Carter human rights policy reducing US support for Shah; Khomeini exile in France gave him Western media platform; Iraq and regional neighbours watching for opportunity","Only case producing theocratic replacement rather than military or electoral outcome. Revolution consumed its moderate allies once clerical structure consolidated. Mosque network as parallel organisational infrastructure — only meeting spaces SAVAK couldn't fully monitor.","Nicaragua Sandinistas (55%)","Egypt Muslim Brotherhood (40%)","Tunisia Ennahda (35%)","Good","V-Dem 1900–2024; National Security Archive Iran; Abrahamian academic documentation"
"ITA_MUSSOLINI","Italy (Mussolini)","Mussolini","1922–1928","Europe","Consolidation","gradual_legal_consolidation","High","Completed — 6yr slow consolidation","Post-WWI economic dislocation and unemployment; fear of socialist revolution after factory occupations 1920; inflation and debt from war financing; northern industrial elite funding Fascist squads as strike-breakers","Returning WWI veterans feeling betrayed by mutilated victory; middle class fear of socialist redistribution; nationalist frustration at Versailles outcomes; squadrismo normalising political violence in rural areas","Liberal state deliberately weakened by Giolittian trasformismo; King Victor Emmanuel III refused to declare martial law against March on Rome; Acerbo Law 1923 converting plurality into supermajority; Matteotti murder 1924 — opposition boycott played into Mussolini's hands","March on Rome 1922 — bluff that worked because elites capitulated; gradual legal consolidation rather than immediate dictatorship; opposition parties banned incrementally 1925–1928; press censorship introduced step by step not all at once","Mussolini presented as bulwark against Bolshevism — Western acceptance; Lateran Treaty with Vatican neutralising Catholic opposition; no significant foreign pressure against consolidation","Slowest consolidation in library — 6 years from power to full dictatorship. Each step legalised before the next taken. Boiling frog pattern: no single moment where opposition could say this is the line. Elite miscalculation that Mussolini was controllable mirrors Weimar exactly.","Hungary Orbán (74%)","Turkey Erdoğan (60%)","Portugal Salazar (65%)","Excellent","V-Dem 1900–2024; Archivio Centrale dello Stato; De Felice Mussolini biography"
"ARG_PERON","Argentina (Perón)","Perón + Evita","1946–1955","Latin America","Consolidation","populist_consolidation","High","Completed — first populist playbook","Post-WWII commodity export boom funding social spending; nationalisation of railways and utilities building state patronage; Peronist wage increases buying labour movement loyalty; import substitution industrialisation creating protected industries","Descamisados as political base; Eva Perón as social mobility symbol for working class; university autonomy attacked — intellectuals alienated; traditional elite and Church eventually turning against regime","Supreme Court impeached and replaced 1947; constitution rewritten 1949 allowing re-election; Peronist party controlling trade unions as transmission belt; opposition press closed or transferred to regime allies","Electoral legitimacy maintained throughout — never banned elections; personalismo — party identity fused with leader identity; military coup 1955 ending regime; Eva's death 1952 removing key legitimising figure","Cold War context — US ambivalent given anti-communist posture; Perón's Third Position ideology creating strategic ambiguity; British interests threatened by nationalisations","First fully developed populist playbook — later replicated by Chávez, Erdoğan, Orbán almost exactly. Electoral legitimacy never abandoned; institutions transformed from within. Evita factor: personalisation via charismatic second figure unique and proved critical to popular legitimacy.","Venezuela Chávez (70%)","Turkey Erdoğan (65%)","Bolivia Morales (58%)","Excellent","V-Dem 1900–2024; AGN Argentina; Luna biography; Latinobarómetro historical"
"MEX_PRI","Mexico (PRI)","PRI various","1929–1994","North America","Stable","long_run_dominant_party","High","Completed — voluntary transfer 2000","Oil nationalisation 1938 as nationalist founding myth; miracle economy 1940–70: 6% annual growth; 1982 debt crisis beginning PRI legitimacy erosion; NAFTA 1994 triggering Zapatista uprising — contradictions made visible","Mestizo national identity construction absorbing regional identities; corporatist structure: unions, peasants, popular sector all in PRI; Tlatelolco massacre 1968 — student movement crushed; gradual civil society emergence 1980s challenging corporatism","Perfect dictatorship (Vargas Llosa phrase); no re-election rule for president giving regularised elite circulation; electoral fraud systematic but graduated — allow some opposition wins; IFE electoral commission gradually gaining independence 1990s","65-year single party rule without formal dictatorship declaration; sexenio rhythm: 6-year cycles providing predictability; co-optation before repression as primary control mechanism; 1988 election stolen from Cárdenas — legitimacy crisis beginning","US acceptance as stable anti-communist neighbour; NAFTA integration creating pressure for rule-of-law improvements; Zapatista uprising in age of CNN — international attention changing calculus","Longest-running competitive authoritarian system in library. No-re-election rule as unique stabilising mechanism preventing personality cult while maintaining party dominance. Gradual self-democratisation ending in 2000 — only case of peaceful voluntary power transfer from long-ruling authoritarian party.","Japan LDP (65%)","Malaysia UMNO (62%)","Cambodia CPP (58%)","Excellent","V-Dem 1900–2024; IFE/INE data; LAPOP historical; CIDE Mexico City"
"SGP_PAP","Singapore (PAP)","Lee Kuan Yew → Goh → Lee Hsien Loong","1959–2000","Asia-Pacific","Stable","developmental_authoritarianism","High","Completed arc — ongoing","Entrepôt trade hub → manufacturing → financial centre transition; GDP per capita from $500 (1965) to $23,000 (2000); state-directed capitalism via GLC sovereign wealth model; housing ownership as social control and stability mechanism","Multiracial society managed through ethnic quota systems; Confucian values discourse legitimising soft authoritarianism; meritocracy ideology justifying PAP dominance as competence; chilling effect via defamation suits against opposition figures","Westminster system maintained but gerrymandered effectively; Internal Security Act allowing detention without trial; defamation law weaponised against opposition; GRC group representation constituencies reducing opposition viability","PAP never lost a general election; opposition allowed to win a few seats as safety valve; Goh Chok Tong managed succession without instability; Transparency International consistently high — corruption genuinely low","Cold War: US valued stable anti-communist Singapore; ASEAN founding member — regional legitimacy; small state logic: vulnerability used to justify internal discipline","Only case where genuine competence and low corruption coexist with systematic political control. Lee Kuan Yew paradox: authoritarian by any institutional measure, yet delivering outcomes superior to most democracies. Defies standard backsliding narrative — no deterioration arc, just stable managed pluralism.","Rwanda Kagame (62%)","UAE governance model (50%)","Japan LDP (45%)","Excellent","V-Dem 1959–2024; Elections Department Singapore; IPS survey data; Straits Times archives"
"DEU_WEST","West Germany","Adenauer → Erhard → Kiesinger → Brandt","1945–1955","Europe","Transition","externally_anchored_transition","High","Completed — gold standard transition","Marshall Plan $1.4bn injection restarting industrial base; currency reform 1948 (Deutschmark) ending hyperinflation; Wirtschaftswunder — economic miracle legitimising new democracy; Codetermination model giving workers institutional voice","Denazification — partial and contested but establishing new norms; constitutional patriotism replacing ethnic nationalism; generational replacement of Nazi-era elites by 1960s; collective guilt processing — never complete but publicly institutionalised","Basic Law drafted to be collapse-resistant — no Article 48 equivalent; 5% threshold preventing small party fragmentation; constructive vote of no confidence preventing government collapse; Federal Constitutional Court with genuine independence from day one","CDU/SPD alternation establishing legitimate competition; Adenauer's Western integration strategy removing revisionist temptation; rearmament within NATO framework — sovereignty constrained but stable; Berlin question managed without escalation for 40 years","Allied occupation providing external enforcement of democratic norms; NATO membership removing security dilemma; European integration project giving Germany institutional home","Only successful democracy-building on the ruins of a collapsed one within the same generation. Constitutional design specifically addressing Weimar failure points — Basic Law is essentially a list of lessons from 1933. External enforcement during consolidation phase proved essential.","Baltic states transition (68%)","Japan post-1945 (65%)","South Korea consolidation (58%)","Excellent","V-Dem 1900–2024; Bundesarchiv Koblenz; Adenauer Foundation; Marshall Plan documentation"
"ESP_FRANCO","Spain (post-Franco)","Juan Carlos → Suárez → González","1975–1982","Europe","Transition","pacted_elite_transition","High","Completed — global template","Technocratic Opus Dei economic modernisation 1960s creating middle class; transition during oil shock — economic pressure during political change; Moncloa Pact 1977 — parties agreeing on economic rules first; tourism and emigrant remittances providing economic cushion","Generational change: post-civil war generation without direct trauma; regional nationalist movements (ETA, Catalan) as spoiler threat; Church stepping back from political role unlike 1930s; strong civil society emerged under late Francoism","Suárez reform from within — using Francoist institutions to dismantle Francoism; King Juan Carlos as legitimising bridge figure — surprising reformer; army officers who had served Franco accepting transition; 1977 Amnesty Law — no accountability for either side","Pacted transition — all sides accepting impunity for past; first democratic elections 1977 producing centrist result not polarisation; attempted coup 1981 (23-F) failing and actually strengthening democracy; PSOE socialist victory 1982 completing consolidation","European Community membership as carrot and anchor; NATO membership debate providing focus for democratic debate; Basque and Catalan pressure creating urgency for transition","Modelo de transición — negotiated elite pact becoming the global template for democratic transitions. Amnesty Law: deliberately trading accountability for stability — ethical compromise that worked politically. King's role is unreplicable — hereditary monarch choosing democracy over the power he was given.","Portugal Carnation (72%)","Chile re-democratisation (62%)","South Africa CODESA (60%)","Excellent","V-Dem 1900–2024; Fundación Transición Española; Congreso de los Diputados archives"
"KOR_TRANS","South Korea (transition)","Chun → Roh → Kim Young-sam","1980–1993","Asia-Pacific","Transition","development_driven_transition","High","Completed — development model","Chaebol-led export miracle creating educated middle class; GDP growth 9%+ annually through 1980s; worker organising challenging chaebol dominance; 1988 Olympics as international legitimacy moment","Gwangju massacre 1980 as founding trauma of democracy movement; student movement maintaining pressure throughout 1980s; Minjung movement combining labour and democracy activism; middle class joining student demands by 1987","Military as explicit political actor; Chun Doo-hwan regime attempting permanent institutionalisation; June 1987 declaration — military blinked under mass pressure; Roh Tae-woo transition figure with military credentials","Kim Dae-jung and Kim Young-sam opposition split repeatedly aiding regime; 1987 June Democracy Movement — mass protests forcing direct elections; first peaceful transfer to opposition party 1997; chaebol-political nexus creating ongoing corruption vulnerability","US pressure for political liberalisation increasing post-Cold War; Olympics hosting creating international visibility; North Korea threat paradoxically both enabling and limiting military role","Economic development creating its own political transition pressure — middle class created by the authoritarian developmental state became the constituency that ended it. Gwangju massacre unlike anything in European transitions — state violence at this scale as democracy movement origin point.","Taiwan KMT (72%)","Indonesia Reformasi (65%)","Philippines People Power (58%)","Excellent","V-Dem 1948–2024; Korea Democracy Foundation; KSDC; Gwangju Uprising documentation"
"POL_SOLIDARITY","Poland (Solidarity)","Jaruzelski → Wałęsa → Mazowiecki","1980–1991","Europe","Transition","civil_society_transition","High","Completed — roundtable export model","Soviet-style economy failing — legitimacy crisis; debt to Western banks creating opening for Western leverage; shock therapy 1990 — radical but effective economic transition; unemployment spike from transition creating short-term social pain","Catholic Church as institutional backbone of civil society; Solidarity as cross-class coalition — workers + intellectuals unusual; martial law 1981 — crushing but not eliminating the movement; underground civil society (samizdat, flying universities) during martial law","Roundtable negotiations — regime negotiating its own managed exit; partially free elections June 1989 — Solidarity won everything it contested; Mazowiecki government accepting communist-era officers in security positions; lustration debate — accountability vs stability tension","Jaruzelski bargaining from weakness not strength in 1989; Gorbachev's signal that Soviet tanks wouldn't come this time; Solidarity umbrella fragmenting post-victory into competing parties; Wałęsa's difficult transition from union leader to president","Soviet Gorbachev factor — unique permissive external environment; Western economic support conditional on democratic progress; Pope John Paul II as symbolic anchor for Polish national identity","Only case where a labour movement became the primary vehicle for democratic transition. Church-intelligentsia-worker coalition is unreplicable elsewhere. Roundtable model became an export — Hungary, Czechoslovakia followed within months. Underground infrastructure maintained during martial law proved decisive.","Czechoslovakia Velvet (65%)","South Africa CODESA (60%)","Armenia Velvet Revolution (58%)","Excellent","V-Dem 1918–2024; IPN (Institute of National Remembrance); Solidarity archives Gdańsk; roundtable documentation"
"IND_EMERGENCY","India (Emergency)","Indira Gandhi → Janata","1975–1977","Asia-Pacific","Resilience","electoral_self_correction","High","Completed — electoral reversal","Drought and oil shock creating economic pressure 1973–74; Indira Gandhi's populist garibi hatao — poverty elimination failing; railway workers strike 1974 — JP movement beginning; economic stress providing justification for emergency declaration","Allahabad High Court voiding Indira's election — legal trigger; JP Narayan movement crossing class and party lines; forced sterilisation programme alienating rural voters catastrophically; free press suspended but foreign press and BBC still accessible","Emergency powers in constitution used for first time; preventive detention of opposition leaders including JP Narayan; Supreme Court capitulated initially; Election Commission retained nominal independence","Indira declared emergency June 25 1975 citing external threats; Janata coalition assembling from disparate opposition; 1977 election called by Indira — unexpected loss; Janata government failing to consolidate — Indira returned 1980","Cold War context — US indifferent, Soviet support for Indira; Non-Aligned Movement providing international legitimacy cover; Bangladesh war victory 1971 had made Indira appear invincible","Only case of democratic resilience via electoral self-correction — the person who imposed the emergency also called the election that ended it. Janata coalition's failure after victory shows fragility of negative coalitions. India's federal structure and free press (even suppressed) proved more resilient than expected.","Bolivia Morales reversal (60%)","Bangladesh 2024 (55%)","Poland PiS reversal (58%)","Excellent","V-Dem 1947–2024; Election Commission of India; CSDS-Lokniti; Shah Commission report"
"FRA_4TH","France (4th Republic)","Various PM → de Gaulle","1946–1958","Europe","Transition","self_reform_under_threat","High","Completed — self-reform","Postwar reconstruction via Marshall Plan; rapid modernisation (Trente Glorieuses beginning); colonial wars (Indochina, Algeria) consuming military budget; inflation and balance of payments as chronic instability","Communist party largest in France — Cold War complication; decolonisation pressure — settlers in Algeria as political veto player; Fourth Republic produced 21 governments in 12 years; de Gaulle waiting in Colombey-les-Deux-Églises as permanent alternative","Proportional representation producing ungovernable assemblies; president ceremonial — no executive authority; prime ministers falling on average every 6 months; constitutional reform blocked by parties benefiting from instability","Algerian crisis 1958 as forcing mechanism — army generals threatening coup; de Gaulle called in as only figure all sides could accept; Fifth Republic constitution drafted around de Gaulle's preferences; referendum legitimising new constitution with 80% approval","Algerian war creating military insubordination; NATO and Western integration requiring stable partner; Suez crisis 1956 humiliating France internationally","Self-reform under threat rather than external imposition or collapse. Fourth Republic voted itself out of existence. Successor system (Fifth Republic) designed around one man — a constitutionally institutionalised elected monarchy that has outlasted de Gaulle by 60 years.","France 5th Republic current (55%)","Italy First Republic collapse (50%)","Israel constitutional crisis (45%)","Excellent","V-Dem 1789–2024; Archives Nationales France; de Gaulle Foundation; IFOP historical surveys"
"JPN_LDP","Japan (LDP)","LDP various","1955–2000","Asia-Pacific","Stable","long_run_dominant_party","High","Completed — 38yr dominance","Post-war miracle: 10% growth 1955–1973; iron triangle: LDP-bureaucracy-business symbiosis; 1990 bubble collapse ending economic legitimacy; keiretsu cross-shareholding creating stability but inefficiency","1955 System: conservative dominance accepted by exhausted society; zainichi Korean minority as second class; salaryman culture — corporate loyalty over political engagement; gradual ageing creating structural fiscal pressure","MITI bureaucracy as real government behind LDP facade; faction system within LDP providing internal pluralism; Article 9 pacifism constraining military ambitions; Supreme Court extremely deferential to government","JSP as permanent opposition never expected to govern; 1993 LDP split ending 38-year dominance — but LDP returned 1994; political money scandals recurring but not destabilising; consensus decision-making (nemawashi) slowing reform","US security umbrella removing defence burden; Cold War giving Japan clear strategic alignment; trade friction with US creating internal political pressure","One-party democracy without alternation for 38 years via internal faction rotation as substitute for inter-party competition. LDP is itself a coalition — policy competition happens within the party. No other democracy has managed this length of single-party dominance without becoming authoritarian.","Mexico PRI (65%)","Malaysia UMNO (60%)","Singapore PAP (55%)","Excellent","V-Dem 1900–2024; National Diet Library Japan; Jiji Press historical archive"
"BRA_REDEMOC","Brazil (re-democratisation)","Sarney → Collor → Itamar → Cardoso","1985–1994","Latin America","Transition","economic_stabilisation_transition","High","Completed — hyperinflation to stability","Military regime leaving hyperinflation as parting gift; Plano Cruzado, Bresser, Verão — three failed stabilisation plans; Plano Real 1994 — finally working, legitimising democracy; debt crisis limiting government capacity during transition","Diretas Já movement — 1 million in streets demanding direct elections; landless movement and unions as left pressure on transition; evangelical church emerging as political force; Amazon frontier conflicts creating governance challenge","Abertura — gradual military opening not sudden transition; Tancredo Neves dying before inauguration — Sarney accident; 1988 Constitution — most rights-generous in world, fiscally unworkable; Collor impeachment 1992 — institutions working as designed","Military retaining amnesty and control of transition terms; party fragmentation — 30+ parties in Congress by 1990s; Fernando Collor — first direct election president, impeached for corruption; Lula losing three times before 1994 context ready for him","IMF conditionality shaping economic policy space; Washington Consensus as external economic pressure; drug trafficking beginning to create parallel governance in favelas","Collor impeachment 1992 — first successful presidential impeachment in Latin American democratic history, and it worked. Demonstrated Brazilian institutions had genuine self-correcting capacity. Hyperinflation-to-stability transition most extreme in library: annual inflation 2,000%+ before Plano Real.","Argentina re-democratisation (62%)","Peru economic transition (55%)","Indonesia Reformasi (50%)","Excellent","V-Dem 1900–2024; TSE Brazil; IBGE; Plano Real documentation; Collor impeachment congressional records"
"CZE_1968","Czechoslovakia 1968","Dubček → Husák","1968","Europe","Collapse","external_suppression","High","Completed — 20yr freeze","Communist economy stagnating — reformers proposing market elements; Prague Spring economic liberalisation alongside political opening; Ota Šik market socialist model threatening Soviet economic model; consumer goods shortages fuelling reform demand","Intellectual ferment — Literární noviny as reform voice; Slovak national aspirations complicating federation question; youth movement energised — generation without Stalin-era fear; writers union as civil society substitute","Dubček reforming from within Communist Party — not against it; Action Programme April 1968 — party-led liberalisation; censorship abolished but party structure maintained; Warsaw Pact treaty providing legal pretext for intervention","Reform from within Communist Party — no Western-style opposition; Dubček personally trusted by reformers and initially by Moscow; 20 days negotiation after invasion — Dubček capitulating under duress; normalisation 1969–1989 — 20 years of frozen society","Brezhnev Doctrine — socialist gains irreversible; Warsaw Pact invasion August 21 1968 — 500,000 troops; Western non-response — outside Soviet sphere of influence; 1956 Hungary precedent — world knew intervention was possible","Pure external suppression — reform movement not defeated internally, militarily crushed. Socialism with a human face had broad popular support. Unlike Hungary 1956 there was no armed resistance — passive non-cooperation instead. 20-year normalisation that followed is the most complete freezing of a society in the library.","Hungary 1956 (65%)","Belarus 2020 (55%)","Myanmar 2021 coup (50%)","Good","V-Dem 1918–2024; ÚSD (Institute for Contemporary History Prague); Charter 77 documentation; Warsaw Pact invasion records"
"GRC_JUNTA","Greece (Junta)","Papadopoulos → Ioannidis → Karamanlis","1967–1974","Europe","Collapse","foreign_policy_disaster_end","High","Completed — fastest democratic recovery","Economy growing rapidly under junta — legitimacy through growth; tourism boom funding regime; Cyprus crisis creating economic disruption 1974; post-junta stabilisation requiring Marshall Plan equivalent","Conservative rural society vs modernising urban Athens; student protests 1973 — polytechnic uprising brutally crushed; diaspora Greek opposition internationally visible; Church ambiguous — neither clearly supporting nor opposing junta","King Constantine failed counter-coup December 1967 — legitimacy problem; constitution suspended parliament dissolved; military governing directly — no civilian facade maintained; torture documented by Council of Europe — early international rights monitoring","Coup justified as preventing communist electoral victory; Papadopoulos liberalisation attempt 1973 — regime fracturing; Ioannidis hardliner coup against Papadopoulos; Cyprus disaster 1974 — Makarios coup triggering Turkish invasion collapsing regime","US ambivalent — Cold War positioning over democratic norms; NATO membership maintained despite democratic backsliding; Cyprus crisis as external shock ending regime; Karamanlis return from Paris exile — transition managed by external figure","Only case ended primarily by foreign policy disaster rather than internal pressure or external military force. Cyprus adventure was the regime's own choice — miscalculation producing the external shock destroying it. Clean transition to Karamanlis and subsequent EU membership makes it the fastest successful democratic recovery in the library.","Argentina Dirty War / Falklands (68%)","Portugal Carnation (62%)","Turkey post-1980 coup (50%)","Excellent","V-Dem 1900–2024; Historical Archive of the Greek Parliament; Council of Europe torture documentation; Cyprus crisis records"
"YUG_DISSOLUTION","Yugoslavia","Milošević / Tuđman / Izetbegović","1989–1999","Europe","Collapse","ethnic_dissolution","High","Completed — state dissolution","1980s debt crisis and IMF austerity destroying federal economic bargain; hyperinflation 1989: 2,600% — economic legitimacy collapse; republic-level economic divergence: Slovenia 4x Serbia per capita; privatisation creating nationalist-connected oligarchs","1974 constitution creating republic-level identities over Yugoslav; memory politics: WWII Ustaše-Chetnik crimes reactivated by elites; Kosovo 1989 — Milošević's speech at Gazimestan beginning ethnic mobilisation; refugee flows from wars creating further radicalisation","Collective presidency without Tito unable to resolve disputes; JNA (army) transforming from Yugoslav to Serbian instrument; republic-level institutions gaining legitimacy as federal lost it; international recognition of Slovenia and Croatia premature — accelerating war","Milošević instrumentalising Kosovo grievance for Serbian nationalism; Tuđman HDZ reviving Ustaše symbols — deliberate provocation; Izetbegović caught between Serb and Croat nationalist projects; Dayton 1995 freezing rather than resolving ethnic geography","German premature recognition of Slovenia/Croatia; UN arms embargo disadvantaging Bosnian government; NATO intervention 1999 in Kosovo — late but decisive; EU offering no membership anchor during critical transition years","Only case of complete state dissolution via ethnic war in library. Unlike other cases there was no single regime to fall — multiple regimes fell simultaneously. International community failures as important as domestic variables. Dayton architecture created frozen conflicts rather than resolution.","Ethiopia ethnic federalism (55%)","Sudan civil war (48%)","Lebanon state failure (45%)","Good","V-Dem 1918–2024; ICTY documentation; ICMP (missing persons); Dayton Agreement text; UNHCR displacement data"
"VEN_CHAVEZ","Venezuela (origin)","Chávez","1998–2013","Latin America","Consolidation","resource_funded_populism","High","Completed — led to full collapse","Oil price collapse 1998 destroying Punto Fijo system legitimacy; Caracazo 1989 — IMF austerity riots killing 300 traumatising political class; Chávez using oil windfall for Misiones social programmes; PDVSA purge after 2002 strike — oil company as political instrument","Extreme inequality — Gini among highest in Latin America; Chávez as Bolívarian racial-class identity symbol for poor; middle class and business community as permanent opposition; barrios as political mobilisation base bypassing traditional structures","1999 Constitution — Chávez rewrote rules via referendum; Supreme Court packed with chavistas after 2004; Electoral council (CNE) gradually losing independence; National Assembly bypassed by enabling laws giving decree power","Coup attempt 2002 — Chávez survived radicalising trajectory; oil strike 2002–03 — Chávez won purging PDVSA; 2004 recall referendum — Chávez won demoralising opposition; chavismo as movement not party — personalismo maximum","Cuba providing intelligence and security apparatus training; US coup support 2002 — backing anti-Chávez plotters; ALBA regional integration as counter to US influence; Colombia conflict spillover creating security justification","Oil revenue as democracy-dissolving mechanism — the resource curse operating in real time. Misiones model of bypassing existing institutions with parallel social programmes is unique. 2002 coup attempt and its defeat was the turning point — Chávez drew the lesson that only complete institutional control would secure his position.","Nicaragua Ortega (68%)","Bolivia Morales (62%)","Ecuador Correa (58%)","Good","V-Dem 1900–2024; Carter Center 2004 recall data; PROVEA human rights; CNE official data"
"HUN_ORBAN","Hungary (Orbán)","Orbán Viktor","2010–2026","Europe","Consolidation","gradual_legal_consolidation","High","Live — consolidated","2008 IMF bailout legitimacy crisis inherited; EU structural funds captured as patronage (~6bn EUR/yr); NER oligarch network receiving state contracts; strategic sectors renationalised: energy, banking, media","Anti-immigration 2015 as mobilising identity politics; Soros conspiracy as domestic scapegoat; brain drain — educated youth emigrating; LGBTQ+ restrictions as culture war wedge; Trianon trauma as founding mobilising myth","2/3 supermajority enabling constitutional rewrite without referendum; Constitutional Court packed and jurisdiction stripped; electoral law redrawn — gerrymandering + reduced districts; Media Council controlling broadcast licensing","Fidesz changing rules between each election cycle; opposition coordination failure across multiple cycles; 2022 united opposition still lost — system too tilted; EU Article 7 proceedings blocked by unanimity rule","EU membership as unique constraint floor; Brussels used as external scapegoat — mirrors Mussolini/Versailles; no bilateral military pressure","EU paradox: membership simultaneously constrains and enables. Illiberal democracy framing — openly redefining democracy rather than pretending to uphold it. Social media enabling direct leader-to-voter communication bypassing captured traditional media. Fastest modern consolidation using legal templates pioneered by Mussolini.","Mussolini Italy 1922–28 (74%)","Mexico PRI (61%)","Argentina Perón (55%)","Excellent","V-Dem 1900–2024; Freedom House; Media ownership registry; EU rule of law reports"
"TUR_ERDOGAN_FULL","Turkey (Erdoğan)","Erdoğan","2013–2026","MENA","Consolidation","populist_consolidation","High","Live — consolidating","2001 crisis recovery → AKP economic miracle legitimising entry; construction sector as patronage — mega-projects for allied contractors; Lira collapse 2021–22; Erdoğanomics: unconventional monetary policy","Alevi-Sunni religious identity mobilised; Kurdish HDP criminalisation removing 13% of electorate representation; urban-rural divide; 4m Syrian refugees as political flashpoint","2016 coup attempt — purge of 150,000; 2017 presidential system referendum; HSYK judicial council restructured; bar associations attacked","Gezi Park 2013 as turning point; Gülenist alliance then purge; 2023 election survived despite earthquake and inflation; İmamoğlu Istanbul win showing system not fully closed","NATO membership creating hard security constraints; EU accession frozen; Russia relationship creating strategic ambiguity; Kurdish question as regional externality","WhatsApp mosque network — religious community infrastructure for real-time political mobilisation. Failed coup as gift — purging entire parallel institutional structure. İmamoğlu tension — system not fully closed unlike Hungary. NATO nuclear umbrella creates unique external constraint.","Argentina Perón (71%)","Venezuela Chávez (63%)","Hungary Orbán early (58%)","Excellent","V-Dem 1900–2024; Freedom House; OSCE election monitoring; Turkey tribunal records"
"POL_PIS","Poland (PiS/Tusk)","Kaczyński → Tusk","2015–2026","Europe","Resilience","electoral_reversal_residue","High","Partial reversal","500+ child benefit buying rural and family vote; low unemployment + wage growth under PiS — economic legitimacy real; EU structural funds at risk from rule of law; post-COVID recovery creating space for Tusk return","Smolensk crash conspiracy as founding trauma; Catholic Church as institutional PiS ally — later liability; women's strike 2020–21 — abortion ban triggering mass mobilisation; urban-rural divide sharper than most EU states","Constitutional Tribunal packed; Supreme Court restructuring — disciplinary chamber; public media converted to propaganda; KRS judicial council restructured","2023 election: 74% turnout driven by anti-PiS mobilisation; Tusk coalition governing despite President Duda vetoing; institutional repair contested; PiS retaining presidency until 2025 election","EU: rule of law proceedings; NATO: member; Czech Republic as closest ally; Hungary Orbán as model and ally","Only modern completed backsliding-and-reversal arc. Women's strike mirrors JP movement in India. Tusk coalition fragility echoes Janata government after Indira 1977. Packed constitutional tribunal cannot be easily unpacked — institutional residue.","Hungary early stage (68%)","India Emergency 1977 (59%)","Czech Babiš era (52%)","Excellent","V-Dem 1918–2024; Freedom House Nations in Transit; EU rule of law 2024; Sejmometr voting records"
"GEO_GD_ORIG","Georgia","Georgian Dream / Ivanishvili","2020–2026","Post-Soviet/E.Europe","Consolidation","oligarchic_capture","High","Live — acute bifurcation","Ivanishvili personal wealth ~50% of GDP; Russian sanctions relief post-Ukraine war; EU association agreement at stake; tourism-dependent economy vulnerable to geopolitical positioning","Pro-EU majority 80%+ contradicting government direction; mass protests 2023 and 2024 — largest since independence; young urban population vs rural Georgian Dream base; S.Ossetia/Abkhazia as permanent leverage points","Foreign agent law targeting NGOs and media; 2024 election disputed; President Zourabichvili refusing to recognise results; Constitutional Court composition increasingly Georgian Dream-aligned","Georgian Dream winning 4 elections while becoming more authoritarian; opposition fragmented across 6+ parties; EU membership application stalled; Ivanishvili re-entering politics openly 2024","EU membership prospect as pull factor; Russia as existential threat — 2008 war; S.Ossetia/Abkhazia as permanent Russian leverage; US sanctions threat after election dispute 2024","80% pro-EU public vs government choosing Russia alignment — unprecedented. Single oligarch owning ~50% of GDP making political decisions more extreme than any other oligarchic capture. Highest-priority live prediction case.","Hungary 2010–2014 (66%)","Yugoslavia early signals (31%)","Moldova inverse (58%)","Good","V-Dem 2004–2024; NDI polling; IRI survey; parallel vote tabulation 2024"
"VEN_MADURO","Venezuela (full arc)","Maduro","2013–2026","Latin America","Collapse","resource_funded_populism","High","Live — collapse stage","Oil at $140 (2008) → $30 (2016) — resource curse completed; GDP contraction 75% 2013–2021; hyperinflation 1,000,000% in 2018; parallel exchange rate as corruption mechanism","7 million emigrants — 20% of population fled; colectivos — armed pro-regime civilian militias; malnutrition and healthcare collapse; elite emigration preceding mass emigration","National Assembly bypassed via Supreme Court 2017; Constituent Assembly as parallel legislature; 2019 Guaidó parallel presidency; electoral council fully captured — no credible elections since 2013","Maduro succession — chavismo without Chávez losing legitimacy; 2024 election: Maduro claiming victory, opposition showing cryptographic fraud proof; military loyalty maintained via corruption access not ideology","Cuba: intelligence cooperation; US: sanctions; Russia/China: oil-for-loans; Colombia: Petro mediation attempt; Carter Center withdrawing from 2024 observation","Only modern case reaching full collapse endpoint while remaining nominally sovereign. 2024 election fraud with verifiable cryptographic tally sheets — regime survived despite proven fraud. Colectivos as permanent parallel state. Full 25-year arc now visible.","Zimbabwe Mugabe economic collapse (58%)","Belarus Lukashenko survival (52%)","Nicaragua Ortega (55%)","Good","V-Dem 1900–2024; Carter Center; Súmate actas database; OCHA humanitarian; opposition parallel count documentation"
"BRA_BOLSONARO","Brazil (Bolsonaro stress-test)","Bolsonaro → Lula","2018–2026","Latin America","Resilience","institutional_resistance","High","Survived stress-test","Lava Jato corruption scandal delegitimising PT; 2015–16 recession creating openness to outsider; Bolsonaro economic liberalism (Guedes) vs social conservatism — coalition tension; post-COVID commodity boom reducing economic urgency","Evangelical church as primary Bolsonaro institutional base; WhatsApp misinformation networks as alternative information ecosystem; gun ownership liberalisation; anti-PT sentiment stronger than pro-Bolsonaro","STF (Supreme Court) as main institutional resistance — Moraes taking aggressive counter-authoritarian stance; electoral system resilience — Bolsonaro attacked but couldn't break it; military ultimately refusing to support January 8 coup attempt","Bolsonaro signalling coup for 2 years — military and institutions prepared; Lula 50.9% vs 49.1% — no mandate, maximum polarisation; January 8 2023 — Capitol-style attack on institutional buildings; military inaction during January 8","US: Biden administration clear on election legitimacy; OAS: monitoring; International press: documenting coup signals; Lula: regional democratic solidarity","January 8 coup attempt failing because military watched and waited — passivity rather than active choice is unique. STF pre-emptive stance (banning Bolsonaro from social media, investigating coup plots while forming) is new model of judicial counter-authoritarianism. WhatsApp misinformation ecosystem as primary organising tool for both campaign and January 8.","India Emergency 1977 (57%)","Chile 1973 averted (44%)","South Korea Yoon 2024 (60%)","Excellent","V-Dem 1900–2024; TSE Brazil; January 8 investigation records; STF decisions; LAPOP"
"IND_BJP_ORIG","India (BJP era)","Modi","2014–2026","Asia-Pacific","Consolidation","majoritarian_nationalism","High","Live — slow erosion","Demonetisation 2016; GDP growth masking inequality increase; Adani group as NER-equivalent; Hindenburg Report via US short-seller as new accountability mechanism; China competition creating security-economic rationale","Hindu majoritarianism; CAA/NRC citizenship law; farmer protests 2020–21 — Modi reversing laws under pressure; free press index collapse; IT Cell most sophisticated digital political operation in any democracy","CBI and ED used against opposition selectively; Electoral Bonds struck down by Supreme Court 2024; Supreme Court slower to resist than Brazilian STF; governor appointments in opposition states as interference","2024 election: BJP lost outright majority — required NDA coalition; INDIA alliance coordination partially successful; state elections showing BJP losing ground in south; Modi personal brand stronger than BJP institutional brand","Quad security framework; Russia: continued relationship despite Ukraine war; China: border confrontation Galwan 2020; Pakistan: nuclear adversary; diaspora (4m in USA) as political and economic variable","Largest democracy in history backsliding — no historical case at this scale. Federal structure creates 28 state-level political systems where opposition governs. 2024 election result (BJP losing majority) has no equivalent in Turkey or Hungary. Adani exposed by foreign short-seller rather than domestic journalism — new accountability mechanism.","Turkey 2013–2018 (58%)","Mexico PRI federal complexity (41%)","Hungary Orbán early (45%)","Good","V-Dem 1947–2024; CSDS-Lokniti; ADR election finance; Reporters Without Borders; Election Commission of India"
"RUS_PUTIN_ORIG","Russia (Putin)","Putin","2000–2026","Post-Soviet/E.Europe","Stable","managed_to_full_authoritarianism","High","Live — full authoritarianism","Oil price boom 2003–2008 funding social contract; oligarch neutralisation — Khodorkovsky imprisonment; siloviki replacing oligarchs; war economy 2022+: 6% GDP military spending; sanctions circumvention via Central Asia","Managed nationalism — Chechen wars as legitimising violence; 1990s chaos as negative reference point; Navalny as opposition model — smart comms but no institutional base; 500k+ emigrated post-Feb 2022","Federation Council and Duma as rubber stamps; 2020 constitutional amendments: Putin until 2036; FSB as parallel government; Prigozhin mutiny June 2023 — first elite fracture signal since 2000","Managed democracy → electoral authoritarianism → full authoritarianism sequence completed; Ukraine war as both symptom and accelerant; succession question unresolved; regional governors as appointed transmission belts","Nuclear dimension creates hard constraint — no historical parallel; Prigozhin mutiny unique: armed PMC marching on Moscow for 24 hours; war economy as self-reinforcing loyalty mechanism; Navalny murder in prison crossing new threshold","Nuclear constraint makes all standard external pressure mechanisms inapplicable. Prigozhin mutiny has no modern equivalent. War economy as self-reinforcing loyalty mechanism. Siloviki state-within-state replacing both oligarchs and democratic institutions.","Mexico PRI late stage (55%)","Yugoslavia late signals (38%)","Belarus Lukashenko (45%)","Good","V-Dem 1900–2024; some expert survey gaps post-2022; BIS capital flow data; Memorial (dissolved) historical records"
"TUN_SAIED_ORIG","Tunisia","Saied","2011–2026","MENA","Collapse","failed_transition","High","Completed reversal","Ben Ali crony capitalism collapse; youth unemployment 35%+; IMF austerity creating street pressure; tourism collapse post-Sousse attack 2015; 2022 IMF programme suspended","2010–11 Bouazizi self-immolation as revolution trigger; National Dialogue Quartet (Nobel 2015) saving democracy temporarily; Ennahda-Nidaa polarisation; political assassinations 2013 creating crisis moments","2014 constitution — best in Arab world; ISIE gradually captured; HAICA stripped; Saied July 25 2021 self-coup using Article 80; 2022 constitution: 30% turnout referendum; all independent bodies dissolved","9 governments in 10 years; Saied winning 2019 with 73% as anti-system outsider; July 2021 self-coup; Ghannouchi arrested 2023; opposition imprisoned under terrorism charges","EU: association + migration partnership — noting but not acting on human rights; IMF: programme suspended; France: equivocal; Saudi/UAE: supporting Saied as anti-Brotherhood","Only Arab Spring democracy to fully reverse. Nobel Peace Prize awarded to civil society mediators then failing to prevent coup demonstrates limits of mediation when economic conditions don't improve. Saied's legally sophisticated self-coup using his own constitutional interpretation — never declaring a coup. 30% referendum turnout as new low for manufactured consent.","Egypt Sisi coup (68%)","Peru Fujimori autogolpe (60%)","France 4th Republic variant (45%)","Good","V-Dem 1956–2024; Al Bawsala; HRW; UGTT records; Nobel Committee documentation; ISIE data"
"THA_CYCLE_ORIG","Thailand","Thaksin → various military → Prayuth → Paetongtarn","2001–2026","Asia-Pacific","Stable","cyclical_instability","High","Live — post-2023 election","Tourism-dependent economy (20% GDP); Thaksin rural populism (30-baht healthcare, village funds); Bangkok business elite + military losing economic ground to provincial nouveaux riches; 2014 coup economic cost: FDI decline","Red shirts (rural pro-Thaksin) vs yellow shirts (Bangkok elite + royalist); lèse-majesté weaponised; 2020–21 youth protest movement demanding monarchy reform — unprecedented; Move Forward: new generation rejecting both sides of old binary","Constitutional Court dissolving parties 4 times (TRT 2007, PPP 2008, Future Forward 2020, Move Forward 2024); 2017 constitution designed to prevent Thaksin majority; Senate appointed by NCPO junta blocking reform until 2024; Election Commission controlled by military-aligned figures","Thaksin winning every free election 2001–2024 via proxy parties; 2023: Move Forward winning plurality (14m votes) blocked from government; Pheu Thai forming government with military parties; Thaksin returning from exile August 2023 same day as PM vote","US: ally but limited human rights pressure; China: largest trade partner; ASEAN: non-interference norm; monarchy as unique legitimising institution with international visibility","Constitutional court as primary political weapon — 4 party dissolutions in 17 years globally unprecedented. Move Forward dissolved for proposing to amend lèse-majesté law — most popular party permanently excluded. Vajiralongkorn vs Bhumibol: legitimacy crisis as king personally unpopular — monarchy as institution vs monarch as person diverging.","Pakistan military cycles (65%)","Algeria military veto (55%)","Peru Fujimori cycle (50%)","Good","V-Dem 1945–2024; iLaw (lèse-majesté tracking); Prachatai English; ANFREL election monitoring; Constitutional Court decisions"
"TUR_ERDOGAN","Turkey","Erdoğan","2013–2026","Post-Soviet/E.Europe","Consolidation","populist_consolidation","High","Live — consolidating","2001 crisis recovery → AKP economic miracle legitimising entry; construction sector as patronage — mega-projects for allied contractors; Lira collapse 2021–22 — unconventional monetary policy (low rates = anti-inflation); Erdoğanomics creating parallel economic logic","Alevi-Sunni religious identity mobilised as political wedge; Kurdish HDP criminalisation removing 13% of electorate representation; urban-rural divide (Istanbul/Ankara secular vs Anatolian conservative); 4m Syrian refugees as political flashpoint","2016 coup attempt — purge of 150,000 civil servants/military/judiciary; 2017 constitutional referendum converting to presidential system; HSYK judicial council restructured for executive appointment control; bar associations and professional bodies systematically attacked","Gezi Park 2013 as turning point — reformer becoming authoritarian; Gülenist alliance then purge — using then destroying coalition partner; 2023 election survived despite earthquake mismanagement and inflation; İmamoğlu Istanbul mayoral win showing system not fully closed","NATO membership creating hard security constraints — no historical parallel; EU accession formally frozen but not withdrawn; Russia relationship creating strategic ambiguity; Kurdish question as regional externality","WhatsApp mosque network — religious community infrastructure for political mobilisation in real time. Failed coup as gift: no historical case shows a leader using failed coup so effectively to purge a parallel institutional structure (Gülenists). İmamoğlu tension — system not fully closed unlike Hungary. NATO nuclear umbrella creates unique external constraint.","Argentina Perón (71%)","Venezuela Chávez (63%)","Hungary Orbán early stage (58%)","Excellent","V-Dem 1900–2024; Freedom House Press Freedom detailed; OSCE election monitoring reports available"
"RUS_PUTIN","Russia","Putin","2000–2026","Post-Soviet/E.Europe","Consolidation","managed_to_full_authoritarianism","High","Live — full authoritarianism","Oil price boom 2003–2008 funding social contract (stability for prosperity); oligarch neutralisation — Khodorkovsky imprisonment as signal; siloviki replacing oligarchs as economic elite; war economy 2022+: military spending 6% GDP; sanctions circumvention via Central Asian routes","Managed nationalism — Chechen wars as legitimising violence; 1990s chaos as negative reference point (stability valued over freedom); Navalny as opposition model — smart comms but no institutional base; 500k+ emigrated post-Feb 2022 — educated elite departure","Federation Council and Duma as rubber stamps — never genuine legislature; 2020 constitutional amendments: Putin reset to 2024, allowed until 2036; FSB as parallel government — siloviki state within state; Prigozhin mutiny June 2023 — first elite fracture signal since 2000","Managed democracy → electoral authoritarianism → full authoritarianism sequence completed; Ukraine war as both symptom and accelerant of full consolidation; succession question unresolved — no designated successor; regional governors as appointed transmission belts","Nuclear dimension creates hard constraint on all external pressure — no historical parallel; Prigozhin mutiny unique: armed PMC marching on Moscow for 24 hours; war economy self-reinforcing loyalty mechanism; Navalny murder in prison crossing new threshold","Nuclear constraint makes all standard external pressure mechanisms inapplicable — unique in entire library. Prigozhin mutiny (armed private military company marching on Moscow) has no modern equivalent. War economy as self-reinforcing loyalty mechanism without peacetime parallel. Siloviki state-within-state replacing both oligarchs and democratic institutions.","Mexico PRI late stage (55%)","Yugoslavia late signals (38%)","Belarus Lukashenko (45%)","Good","V-Dem 1900–2024; some expert survey gaps post-2022 due to researcher safety concerns; BIS capital flow data available"
"BLR_LUKASHENKO","Belarus","Lukashenko","1994–2026","Post-Soviet/E.Europe","Consolidation","rapid_consolidation","High","Live — consolidated","Soviet-era industrial economy maintained via Russian energy subsidies; state enterprise dominance preventing independent business class; 2020 sanctions following election crisis; economic dependency on Russia approaching 50% of trade","2020 mass protests — largest in post-Soviet history outside Russia; Tsikhanouskaya as opposition symbol from exile; systematic torture of protestors documented by UN; significant elite emigration 2020–2022; Belarusian national identity vs Russification tension","1996 constitutional referendum — first post-Soviet consolidation via referendum manipulation; parliament reduced to rubber stamp immediately; KGB retained as institutional name and function; 2022 new constitution formally removing neutrality and allowing Russian troops","Lukashenko as Europe's longest-serving authoritarian (30+ years); 2020 election fraud so blatant it triggered unprecedented protest scale; Coordination Council opposition crushed within weeks; Protasevich plane diversion 2021 — new level of extraterritorial repression","Complete Russian security dependency post-2020 — CSTO troops stationed; Wagner forces present; Migrant weaponisation as hybrid warfare against EU border; ICC arrest warrant issued 2023","2020 proves that even massive civil society mobilisation (200k+ protests in a country of 9.5m) cannot dislodge a consolidated authoritarian without external support or elite fracture. Earliest post-Soviet consolidation — 1996 referendum as template later used by others. Migrant weaponisation as state tool is genuinely novel hybrid warfare instrument.","Yugoslavia Milošević early (52%)","Hungary Orbán (48%)","Venezuela Maduro late (44%)","Good","V-Dem 1991–2024; Viasna Human Rights Center data; OSCE election monitoring terminated 2021"
"SRB_TWO","Serbia","Milošević / Vučić","1990–2026","Post-Soviet/E.Europe","Consolidation","gradual_legal_consolidation","High","Live — Vučić consolidating","1990s hyperinflation + sanctions under Milošević; post-Milošević recovery + EU integration prospect driving growth; Vučić era: Chinese investment (Belt and Road) + EU accession as dual leverage; lithium deposits (Jadar) creating new geopolitical economic dimension","Milošević nationalism: Serb minority protection as mobilising frame across Yugoslavia; post-Milošević civil society strongest in Western Balkans; Vučić era: captured tabloid media creating parallel reality; 2023–24 protests (Serbia against violence) showing civil society resilience","Phase 1 (Milošević): constitutional manipulation + parallel security structures + media capture; Phase 2 (Vučić): gradual Hungary-lite judicial pressure + electoral law changes + media concentration without formal institutional attacks; Electoral commission captured by ruling party","Bulldozer Revolution 2000 — Milošević removal via mass mobilisation; democratic period 2000–2012 with EU accession progress; Vučić SNS replacing DS as dominant party; 2023 disputed election results → rerun under pressure; Kosovo as permanent legitimising grievance","EU accession as carrot and constraint — frozen but not abandoned; NATO bombing 1999 as collective trauma weaponised by nationalists; Russia relationship as strategic ambiguity; Chinese investment as alternative patron; Kosovo independence as permanent external veto on full EU alignment","Two distinct phases requiring separate vector representations. Vučić is uniquely the former Milošević regime spokesman who reinvented himself as EU-friendly — the most sophisticated political transformation in the library. Lithium deposits (Jadar project) creating new 2024–26 geopolitical dimension not present in any historical case.","Hungary Orbán early stage (62%)","Romania Iliescu (55%)","Slovakia Mečiar (58%)","Good","V-Dem 1990–2024; OSCE monitoring reports; BIRODI election monitoring; two phases must be coded separately"
"GEO_GD","Georgia","Georgian Dream / Ivanishvili","2020–2026","Post-Soviet/E.Europe","Consolidation","oligarchic_capture","High","Live — acute bifurcation","Bidzina Ivanishvili personal wealth ~50% of GDP enabling political capture; Russian sanctions relief post-Ukraine war — Georgian economy benefiting from Russian capital flight; EU association agreement — economic integration at stake; tourism-dependent economy vulnerable to geopolitical positioning","Pro-EU majority consistent in polling (80%+) contradicting government direction; mass protests 2023 (foreign agent law) and 2024 (election dispute) largest since independence; young urban population vs rural Georgian Dream base; Russian minority and S.Ossetia/Abkhazia as permanent leverage points","Foreign agent law (Russian-style) targeting NGOs and media; 2024 election disputed — parallel vote count showing different results; President Zourabichvili refusing to recognise parliamentary results; constitutional court composition increasingly Georgian Dream-aligned","Georgian Dream winning 4 elections while becoming more authoritarian each cycle; opposition fragmented across 6+ parties — coordination failure; EU membership application submitted but progress stalled; Ivanishvili re-entering politics openly 2024 — oligarch as open actor","EU membership prospect as pull factor — 80% public support; Russia as existential threat (2008 war) creating security dependency paradox; S.Ossetia and Abkhazia as permanent Russian leverage; US sanctions threat after election dispute 2024","80% pro-EU public vs government choosing Russia alignment is unprecedented — no historical case shows such explicit defiance of declared public foreign policy preference. Single oligarch owning ~50% of GDP making political decisions is more extreme than any oligarchic capture in the library. Highest-priority live prediction case in entire dataset.","Hungary 2010–2014 (66%)","Yugoslavia early signals (31%)","Moldova (inverse — 58%)","Good","V-Dem 2004–2024; NDI polling data; IRI survey data; parallel vote tabulation data from 2024 election available"
"UKR_MAIDAN","Ukraine","Various","2004–2014","Post-Soviet/E.Europe","Transition","civil_society_transition","High","Completed arc","Post-Soviet oligarchic capitalism — Donetsk vs Dnipro clan competition; Orange Revolution partly driven by Yanukovych-linked oligarchs vs Yushchenko-linked oligarchs; gas pricing disputes with Russia as economic leverage tool; EU Association Agreement as economic turning point trigger","Orange Revolution 2004 — million-person Maidan as civil society event; linguistic divide (Ukrainian vs Russian) used as political wedge; regional identity politics (east vs west); Euromaidan 2013–14 beginning as student protest — Berkut violence radicalising it","Kuchma era: competitive authoritarianism with functioning opposition; Yanukovych elected legitimately 2010 — then accelerated consolidation attempt; Constitutional Court ruling restoring 2004 constitution — institutions holding initially; Berkut riot police as instrument of repression","Two Maidan events as bookends; Orange coalition fracturing (Yushchenko vs Tymoshenko) undermining first democratic period; Yanukovych EU association rejection as triggering event for Euromaidan; flight to Russia after Maidan — institutional vacuum","Russian gas pricing as permanent leverage; EU Association Agreement as turning point; US and EU supporting democratic movements; Russian military intervention in Crimea/Donbas as direct consequence of Maidan success","Two democratic breakthrough events in 10 years in the same country — unique. The Orange Revolution partially failed (coalition fragmentation) but created the civil society infrastructure that made Euromaidan possible. The external Russian response to democratic transition is a new variable: successful democratic transition triggering military invasion by neighbouring power.","Poland Solidarity (58%)","Serbia Bulldozer Revolution (62%)","Georgia Rose Revolution (70%)","Excellent","V-Dem 1991–2024; detailed OSCE monitoring; Razumkov Centre survey data; two phases coded separately"
"UKR_WAR","Ukraine","Zelensky","2019–2026","Post-Soviet/E.Europe","Resilience","extreme_stress_resilience","High","Live — wartime democracy","Pre-war reform momentum (anti-corruption, EU integration); GDP -30% 2022 — largest wartime economic contraction of any democracy; massive Western financial support (~100bn USD) replacing state revenues; war economy: 25% GDP defence spending; corruption remaining endemic despite reforms","National identity crystallisation under Russian military pressure — Ukrainianisation accelerating; 8m+ external refugees + 6m internal displaced; territorial losses (Crimea, Donbas) as permanent trauma; civil society mobilisation (volunteers, territorial defence) unprecedented scale","Martial law enabling executive concentration — elections suspended; some media consolidation justified by wartime; Constitutional Court functioning; anti-corruption institutions (NABU, SAP) continuing operation under pressure; Zelensky popularity decline as war extends","Zelensky comedian-president → war leader transformation unique in democratic history; opposition politicians (Poroshenko) prosecuted — wartime norm suspension or authoritarian creep?; local elections suspended; 2024 question: when does wartime norm suspension become permanent?","NATO/EU support essential for survival — most dependency of any democracy; Russian full-scale invasion as existential threat without precedent for a democracy since WWII Finland; US support fluctuating with domestic politics — vulnerability; ICC arrest warrant for Putin","Most extreme stress test of any democracy in the entire library — existential military threat, martial law, 30% GDP contraction, 14m displaced, simultaneous. The question of whether wartime norm suspension (suspended elections, executive concentration, media consolidation) constitutes democratic backsliding or legitimate emergency response is analytically unresolved. No historical precedent for a democracy successfully resisting a full-scale invasion by a nuclear power.","Finland Winter/Continuation War (52%)","Israel 1948 founding (45%)","South Korea wartime 1950 (40%)","Good","V-Dem 2019–2024; wartime data quality lower; Transparency International CPI; Freedom House Nations in Transit"
"MDA_SANDU","Moldova","Sandu / PAS","2020–2026","Post-Soviet/E.Europe","Transition","externally_anchored_transition","High","Live — contested transition","Poorest country in Europe — GDP per capita ~$5,000; Plahotniuc oligarchic capture pre-2019 distorting entire economy; Transnistria as frozen conflict draining resources; Russian gas cut-off 2022 creating energy crisis; EU macro-financial assistance conditioning reforms","Pro-EU majority — 2024 referendum passed 50.4% despite massive disinformation campaign; Gagauzia autonomy as Russian proxy pressure point; significant diaspora (Romania, EU) as pro-reform constituency; Russian-speaking minority as potential mobilisation target","Democratic Party (Plahotniuc) captured entire state 2016–2019 — judges, prosecutors, media; Sandu reform: anti-corruption prosecutor PCCOCS; Constitutional Court reformed; PSRM (Dodon, pro-Russian) as main opposition; 2024 election + referendum held simultaneously","Sandu: former World Bank official — technocratic reformer; 2021 parliamentary majority enabling reform; 2024 presidential + EU referendum under disinformation attack; Russian interference (paid vote-buying documented at scale) attempting to flip referendum result; EU candidate status 2022","Russia: gas cut-off + Transnistria pressure + election interference + disinformation; EU: candidate status + macro-financial support + visa liberalisation; Romania: cultural/linguistic anchor + bilateral support; NATO: non-member but bordering war zone","The inverse Georgia — same post-Soviet small state, same Russian pressure, same EU aspiration, opposite government choice. Moldova is the control case for Georgia: what does EU-aligned reform look like when the government actually pursues it? The 2024 referendum passing despite documented Russian-funded vote-buying (hundreds of euros per vote in Gagauzia) is remarkable civil society resilience.","Georgia (inverse — 65%)","Baltic states early stage (60%)","Romania 1996 transition (55%)","Good","V-Dem 2000–2024; Promo-LEX election monitoring; EU Progress Reports; documented Russian interference data from CEC"
"ARM_PASHINYAN","Armenia","Pashinyan","2018–2026","Post-Soviet/E.Europe","Transition","civil_society_transition","High","Live — stress-tested","Soviet-era mining economy; remittances from diaspora (Russia, France, USA) ~12% GDP; post-2020 war economic disruption; 2022–23 Russian capital influx (sanctions circumvention) creating windfall but dependency; Azerbaijani blockade of Lachin corridor affecting trade","Velvet Revolution 2018 — civil society-led peaceful transition; 2020 Nagorno-Karabakh war trauma (6,000 dead); 2023 Karabakh Armenians (120,000) displaced to Armenia — demographic shock; anti-Pashinyan protests 2021–22 (war blamed on him); diaspora political influence unique in post-Soviet space","Republican Party (Sargsyan) captured state pre-2018; Pashinyan reformed: new electoral code, anti-corruption court; Constitutional Court partially reformed; CSTO membership — security alliance with Russia creating dependency; EU partnership without membership","Pashinyan came to power via street protest — legitimacy from below unique in post-Soviet space; two elections post-revolution confirming mandate; Karabakh loss 2023 as potential delegitimising event (did not materialise); pivot away from Russia post-war — CSTO suspended participation","Russia: CSTO security dependency vs growing alignment failure; Azerbaijan: military superiority + Turkish backing; EU: partnership agreement + growing alignment; Iran: border neighbour with strategic interests; France: diaspora-linked special relationship","Does military defeat (loss of Nagorno-Karabakh) destabilise democracies? Armenia's answer so far: no, but it reshapes foreign policy completely. Post-Soviet transition that actually happened via street mobilisation rather than elite pact — the Velvet Revolution model. CSTO membership becoming meaningless (Russia didn't protect Armenia in 2020 or 2023) creating post-Soviet security architecture crisis.","Georgia Rose Revolution (65%)","Ukraine Orange Revolution (60%)","Serbia Bulldozer (55%)","Good","V-Dem 2000–2024; OSCE/ODIHR monitoring; Caucasus Barometer surveys; IRI polling"
"BAL_THREE","Baltic states (Estonia/Latvia/Lithuania)","Various","1991–2004","Post-Soviet/E.Europe","Transition","externally_anchored_transition","High","Completed — control","Soviet economy → shock therapy → fastest post-communist growth; EU structural funds post-2004 accelerating convergence; Russian minority economic integration as policy challenge; 2008 crisis hardest hit in EU — -18% GDP Latvia — but democracy survived","Russian minority (25-40% in Estonia/Latvia) as permanent domestic security question; language laws as integration vs discrimination debate; Soviet deportation memory as founding national trauma; strong civil society emerging rapidly post-independence","Rapid constitutional consolidation — Westminster-style parliaments; lustration laws varying by country; EU/NATO accession as external institutional anchor providing reform template; strong constitutional courts from early stage","Right-of-centre dominance in early years; gradual party system normalisation; coalitions replacing single-party governments; Russian minority parties as permanent opposition with limited coalition potential; NATO accession completing security architecture","EU/NATO double anchor — most complete external institutional embedding of any transition cases; Russia as permanent threat providing unity incentive for reform; Scandinavian bilateral support (especially Finland-Estonia); German-Baltic special relationship","The cleanest test case for whether external institutional anchoring (EU+NATO) can substitute for domestic consolidation capacity. Answer: yes, but it requires genuine candidate country effort — not just external imposition (contrast Iraq). Russian minority management as ongoing stress test without democratic collapse. 2008 crisis (-18% GDP) survived democratically — important resilience data point.","West Germany post-1945 (68%)","Poland Solidarity aftermath (62%)","Czech Velvet transition (65%)","Excellent","V-Dem 1991–2024; three countries coded separately; Freedom House Nations in Transit; European Commission Progress Reports"
"CZE_CONTROL","Czech Republic","Various","1993–2016","Post-Soviet/E.Europe","Control","control_stable_democracy","High","Control — stress-tested","Most successful post-communist economic transition — GDP per capita approaching Western EU levels by 2010; Klaus era: privatisation creating domestic business class (not oligarchs); 2008 crisis managed without democratic stress; Babiš billionaire-PM as later stress test","Secular society — lowest church attendance in EU; strong civil society inherited from dissident tradition (Charter 77); Sudeten German question managed without destabilisation; Czech-Slovak peaceful dissolution as unique positive case","Strong Constitutional Court from founding — Havel's design; electoral system preventing extreme fragmentation; Zeman presidency creating later stress (direct election of president 2013); Babiš conflict of interest cases testing anti-corruption institutions","ODS-ČSSD alternation establishing two-party competition; Klaus era economic liberalism; 2013 direct presidential election introducing plebiscitary element; Babiš ANO as populist outsider winning — but within institutional constraints; Senate as anti-Zeman/Babiš counterweight","NATO 1999 + EU 2004 as double anchor completing consolidation; Visegrad Group: initially reform coalition, later (Hungary) becoming problematic; Germany as primary trade and political partner; no significant external threat","The post-communist transition that worked as designed — EU/NATO anchor + domestic institutional quality + civil society. Babiš era (2017–2021) is a critical stress test: billionaire PM with criminal charges using state resources for political purposes — yet removed electorally in 2021. Demonstrates that strong institutions can survive oligarchic capture attempts without formal democratic breakdown.","West Germany consolidation (70%)","Baltic states (65%)","Poland pre-PiS (60%)","Excellent","V-Dem 1993–2024; highest quality post-communist data; European Commission rule of law reports"
"DEU_CONTROL","Germany (post-reunification)","Kohl/Schröder/Merkel/Scholz","1990–2026","Post-Soviet/E.Europe","Control","control_stable_democracy","High","Control — stressed","Reunification cost (~1.5 trillion EUR over 30yr) creating persistent East-West inequality; Hartz IV reforms 2003–05 creating precariat — AfD base; 2008 crisis managed via export strength; 2022 energy crisis (Russian gas dependency) as major vulnerability; deindustrialisation pressure","Weimar memory as permanent constitutional consciousness; Eastern Germany: SED nostalgia + economic grievance + identity politics = AfD base; migration crisis 2015 as polarisation accelerant; post-reunification identity gap (Ostalgie); aging population + labour shortage tension","Basic Law specifically designed to prevent Weimar failures: 5% threshold, constructive vote of no confidence, strong Constitutional Court, federal balance; AfD entering Bundestag 2017 testing institutional resilience; Constitutional Court banning far-right parties historically (SRP 1952, KPD 1956)","CDU/SPD Volksparteien decline — fragmentation toward 6-party system; AfD rise to 20%+ nationally + state government entry; traffic light coalition instability 2021–24; SPD-CDU grand coalition as crisis management mechanism; Friedrich Merz CDU rightward shift in response to AfD","NATO anchor + EU founding member; Russia: gas dependency converted to vulnerability (Nordstream); US: Trump uncertainty creating strategic autonomy debate; China: trade dependency vs value conflict; historical responsibility creating unique constraints on foreign policy","The country that designed its democracy specifically to prevent its own historical collapse — and the Basic Law has held for 75 years. The most important control case in the European library. AfD at 20%+ is the highest far-right support seen in Germany since WWII — yet Constitutional Court processes and institutional resilience functioning. The difference between Germany and Weimar is precisely what the DSI should be able to measure.","West Germany 1950s (own earlier phase — 75%)","France 5th Republic (60%)","None for stress pattern","Excellent","V-Dem 1919–2024 (including Weimar); Infratest dimap; Allensbach; Bundestag election data; Constitutional Court decisions"
"FIN_CONTROL","Finland","Various","1939–2026","Post-Soviet/E.Europe","Control","control_stable_democracy","High","Control — extreme stress","Winter War + Continuation War economic mobilisation; Cold War Finlandisation requiring delicate economic balancing; Nokia-era tech boom; 2008–2015 double recession hardest in EU after Baltics; 2022 NATO accession changing security economic calculus; welfare state model maintained throughout","Winter War as national founding trauma and cohesion event; Swedish-speaking minority managed without destabilisation; Finlandisation: self-censorship culture during Cold War — interesting democracy under external pressure model; Sámi minority rights as ongoing question; 2015 migration creating first significant far-right (Finns Party) rise","Strong parliamentary tradition since 1906 (first European country with full women's suffrage); president as significant executive actor during Cold War (Kekkonen); post-Cold War: parliamentary democracy strengthening; Constitutional Law Committee rather than Constitutional Court as Finnish model","Centre-Left-Right rotation without dominant party; Kekkonen 25yr presidency as managed Finlandisation; SDP-Centre competition as norm; Finns Party entering coalition 2015 + 2023 as mainstream accommodation of populism; 2023 Orpo-Finns Party coalition: populism governing within institutions","Soviet Union as permanent existential threat 1940–1991 — Finlandisation as survival strategy; NATO accession 2023 after 80yr neutrality — triggered by Ukraine war; EU 1995 as economic anchor; Sweden as closest partner; Russia as permanent threat now fully acknowledged","Democracy surviving Winter War (-40% territory, 100,000 dead) and Continuation War + Cold War Finlandisation + double recession — the most comprehensive external stress test of any democracy without collapse. Finlandisation is the key concept: democracy choosing self-limitation under external pressure as survival strategy. NATO accession 2023 after 80yr neutrality is the most dramatic foreign policy shift of any democracy since WWII.","Switzerland neutrality model (50%)","Israel security democracy (45%)","No close match — genuinely unique","Excellent","V-Dem 1900–2024; Statistics Finland; EVS/WVS survey data; excellent historical documentation"
"SVK_FICO","Slovakia","Fico","2023–2026","Post-Soviet/E.Europe","Consolidation","gradual_legal_consolidation","High","Live — early stage","Post-communist convergence economy integrated into German automotive supply chain; Fico return: questioning EU sanctions on Russia affecting Slovak energy interests; 2023 government rollback of anti-corruption prosecutor (ÚŠOS) reforms; Hungarian-style EU fund capture beginning","Fico assassination attempt May 2024 — political violence raising stakes; pro-Russian sentiment higher than most EU states; Smer party base: rural, older, economically anxious; Čaputová (pro-EU president, term expired 2024) as institutional counterweight","Constitutional Court composition becoming issue; ÚŠOS (Special Prosecutor) dismantled 2024 — direct parallel to Poland PiS; public broadcaster RTVS restructured; judicial reform threatening independence; EU rule of law mechanism activated","Fico third comeback — political longevity without parallel in EU; 2023 election won on anti-Ukraine/anti-sanctions platform; coalition with Hlas (Pellegrini, former Fico ally now president) creating intra-coalition tension; opposition fragmented","EU: rule of law proceedings beginning; NATO: member but Fico blocking Ukraine aid; Czech Republic as closest ally pulling toward EU alignment; Hungary Orbán as model and ally; Russia: energy dependency + political sympathy","Slovakia is the fastest-moving current EU consolidation case — ÚŠOS dismantled within 6 months of government formation, faster than Poland PiS. Fico assassination attempt (May 2024) is first attempted assassination of an EU head of government — unprecedented modern event. The Pellegrini presidency as intra-coalition constraint is unique: the president is from Fico's own former party but now a rival.","Hungary Orbán year 1–2 (72%)","Poland PiS year 1 (68%)","Romania Iliescu (50%)","Good","V-Dem 1993–2024; Transparency International Slovakia; MEMO98 media monitoring; EU rule of law report 2024"
"CHE_UNIQUE","Switzerland","Federal Council (collective)","1848–2026","Post-Soviet/E.Europe","Unique","edge_direct_democracy","Low","Edge case — no path match","Neutral financial hub — banking secrecy as economic model; watch/pharma/precision industry export economy; no EU membership but bilateral agreements (7 packages); CHF as safe haven currency; wealth concentration among highest globally but Gini moderate due to redistribution","Four linguistic communities (German/French/Italian/Romansh) managed via federalism; consensus culture (Konkordanz) across party lines; direct democracy creating citizen engagement but also populist initiative risk (minarets, deportation initiatives); strong Heimat identity without ethnic nationalism","Federal Council: 7-member collective executive, magic formula party allocation — no prime minister; bicameralism (Nationalrat + Ständerat); mandatory referendum for constitutional changes; optional referendum for legislation; popular initiative for constitutional amendment — 100,000 signatures","Magic formula: CVP/FDP/SP/SVP power sharing — no opposition/government binary; SVP rise since 1990s as nativist challenge to consensus; 2021 institutional agreement with EU collapse creating bilateral uncertainty; direct democracy producing contradictory policies (accepted free movement + voted against it)","Permanent neutrality since 1815 — only country to maintain it through both World Wars; non-UN member until 2002; non-NATO + non-EU but deeply integrated; OSCE founding member; Ukraine war: first major neutrality challenge — partial sanctions alignment","No comparable case exists anywhere in the library. Consociational democracy with mandatory direct democracy elements operating for 175 years without interruption — the most durable democratic system in the dataset. The SVP (Swiss People's Party) case is analytically important: the largest party in parliament is nativist/Eurosceptic, yet operates entirely within democratic institutions — contrast with AfD, Le Pen, Orbán. Direct democracy as a simultaneous stabiliser (citizen buy-in) and risk (populist initiatives). Genuine model boundary case: cannot be matched to any historical path.","None — no meaningful match","Netherlands consociationalism (partial, 35%)","Costa Rica stability (30%)","Excellent","V-Dem 1848–2024; Swiss Federal Chancellery; SELECTS survey; longest continuous democracy dataset in library"
"TWN_TRANSITION","Taiwan","Lee Teng-hui / Chen Shui-bian","1986–2000","Asia-Pacific","Control","development_driven_transition","High","Completed — control","KMT authoritarian developmental state creating export-led middle class; GDP per capita $3k (1986) → $14k (2000); semiconductor industry (TSMC founded 1987) as strategic economic anchor; land reform 1950s eliminating rural oligarchy — removing consolidation resource base","Mainlander vs Taiwanese identity tension managed through democratisation; Presbyterian Church as civil society backbone; student Wild Lily Movement 1990 — cross-class mobilisation; Taiwanese identity strengthening as democratisation deepens; KMT 'white terror' 1949–1987 as founding trauma","Martial law lifted 1987 after 38 years — longest in world history; National Assembly reform; Direct presidential election 1996 (first in Chinese-speaking world); PRC missile tests during election — democracy surviving external military pressure; Constitutional Court gaining independence","KMT internal reform faction (Lee Teng-hui) driving liberalisation from within — mirrors Spain post-Franco; DPP opposition formation 1986; 2000 first transfer to DPP (Chen Shui-bian) completing consolidation; KMT accepting loss — critical moment","PRC permanent existential threat — 1996 missile crisis during first direct presidential election; US security guarantee enabling democratic risk-taking; Japan: historical complexity + strategic alignment; WTO accession 2002 as economic anchor","Democratisation driven from within the ruling party (Lee Teng-hui) — mirrors Spain's Suárez but in an Asian developmental state context. 1996 missile crisis: PRC military intimidation during first direct presidential election failed — democracy held under direct military threat from nuclear power. TSMC as strategic democratic asset: semiconductor dominance creating 'silicon shield' that gives democracy geopolitical value.","South Korea 1980–1993 (78%)","Spain post-Franco (65%)","Japan LDP late reform (52%)","Excellent","V-Dem 1900–2024; Academia Sinica survey data; Election Study Center NCCU; OSCE not present but domestic monitoring strong"
"KOR_DEMO","South Korea (democratic period)","Kim Young-sam / Kim DJ / Roh / Lee / Park / Moon / Yoon","1993–2026","Asia-Pacific","Control","control_stable_democracy","High","Control — stressed 2024","Chaebol-dominated economy creating corruption-democracy tension; 1997 Asian crisis — IMF bailout nearly destabilising (Chaebol restructuring); 2016 Park Geun-hye scandal (Choi Soon-sil) → impeachment showing institutions working; Yoon 2024 martial law attempt as acute stress test","Candlelight protests 2016–17 (1.7m) removing president via impeachment — largest democratic mobilisation in Korean history; MeToo movement strong; generational divide (youth vs elderly) on political alignment; high educational attainment creating demanding civil society","Constitutional Court impeachment of Park Geun-hye 2017 — landmark institutional self-correction; National Assembly functioning as genuine check; Yoon December 2024 martial law declared and reversed within 6 hours — institutions held; independent prosecution enabling elite accountability","DJ Kim: first transfer to opposition 1997; three peaceful transfers; Lee Myung-bak and Park Geun-hye both prosecuted post-office; Yoon Suk-yeol martial law declaration December 3 2024 — most acute democratic stress test since 1987; National Assembly vote removing martial law within hours","North Korea: permanent existential threat providing military justification for state; US alliance as security anchor; China: largest trade partner vs US alliance tension; Japan: historical grievance + security alignment; THAAD deployment as China-US proxy conflict","Yoon December 2024 martial law is the most acute democratic stress test of any consolidating democracy in the dataset — a sitting president declared martial law at 10pm, the National Assembly voted it down by 190-0 at 1am, and it was lifted by 4am. Fastest democratic self-correction in the library. Park Geun-hye impeachment + Yoon reversal: two major institutional stress tests passed within 8 years. South Korea is the strongest Asian control case.","Taiwan democratic period (72%)","Brazil institutional resilience (65%)","Czech Republic stress test (60%)","Excellent","V-Dem 1900–2024; Korea Democracy Barometer; National Election Commission; Yoon martial law December 2024 — data still incoming"
"IDN_TRANSITION","Indonesia","Wahid / Megawati / SBY / Jokowi","1998–2026","Asia-Pacific","Transition","economic_crisis_transition","High","Consolidating — Prabowo concerns","Asian financial crisis 1997–98: rupiah lost 80% value, Suharto 32yr regime collapsed within months; Reformasi economic restructuring + IMF conditionality; commodity export economy (palm oil, coal, nickel) creating resource dependency; Jokowi infrastructure-led growth; 2024: Prabowo government — son of Suharto as VP (Gibran)","World's largest Muslim majority democracy — Islam and democracy compatibility as global demonstration case; 270m people, 17,000 islands, 700+ languages — governance complexity unmatched; decentralisation creating local strongman politics (bossism); 1998 anti-Chinese riots as ethnic violence warning","1998–2002 constitutional amendments: direct presidential election, term limits, civilian military control, Constitutional Court created; KPK anti-corruption commission — later weakened by Jokowi 2019; Mahkamah Konstitusi (Constitutional Court) ruling on Gibran eligibility (Jokowi's son) enabling dynastic politics","Reformasi coalition fracturing into patronage networks; SBY era: democratic consolidation + anti-corruption; Jokowi: popular outsider → dynasty builder (Gibran as VP); Prabowo 2024 victory — former military general accused of 1998 abductions; democratic quality declining without formal breakdown","ASEAN membership providing regional legitimacy norm; China: Belt and Road investment + South China Sea tension; US: democratic ally + strategic partner; Australia: security partner; IMF structural adjustment conditioning 1998–2000 transition","Largest Muslim-majority democracy in world — the global demonstration case for Islam-democracy compatibility. Transition triggered entirely by economic crisis (1997 Asian financial crisis) rather than political mobilisation — the most economically-determined transition in the library. Jokowi-Gibran dynastic politics using Constitutional Court manipulation to enable son's candidacy is new mechanism: judicial capture serving dynastic not partisan consolidation. Prabowo 2024 — a man accused of ordering 1998 disappearances winning democratic election.","Brazil re-democratisation (62%)","Philippines Marcos legacy (58%)","South Korea pre-1987 (55%)","Good","V-Dem 1945–2024; SMRC/Indikator polling; KPU election data; ANFREL monitoring; note Suharto period coded separately"
"BGD_HASINA","Bangladesh","Sheikh Hasina","2009–2024","Asia-Pacific","Resilience","rapid_popular_reversal","High","Completed arc — August 2024","Garment industry ($40bn export) as economic foundation — workers as political constituency; Hasina: genuine economic growth (7%+ GDP) providing legitimacy; 2022 energy crisis + inflation eroding living standards; Yunus caretaker government: IMF negotiations + anti-corruption drive","Student protest movement (Anti-Discrimination Movement) July–August 2024 — triggered by quota system for 1971 liberation war descendants; Gen Z digital mobilisation unprecedented in South Asia; Hasina fled August 5 2024 after army withdrew support; 400+ killed in 6 weeks of protests","Awami League captured election commission, judiciary, civil service over 15 years; 2014 and 2018 elections neither free nor fair; BNP (main opposition) systematically suppressed; army as ultimate veto player — withdrew support August 5 triggering collapse; Muhammad Yunus interim government from August 2024","Hasina: daughter of independence leader — legitimacy from liberation war founding myth; BNP (Khaleda Zia) as main opposition; two-family political duopoly (Hasina/Zia) for 30 years; quota protests spreading beyond quota issue to full regime rejection within 3 weeks; speed of collapse unmatched in modern dataset","India: strategic ally backing Hasina — Modi relationship; China: Belt and Road investment; US: democracy concerns vs strategic interests; Yunus: Nobel laureate, international legitimacy enabling rapid recognition; IMF: conditionality supporting reform government","Fastest regime collapse in the modern dataset — from student protests to prime minister fleeing in 6 weeks. First regime in library ended primarily by Gen Z digital mobilisation (TikTok/Facebook coordination). The quota protests began as a specific policy grievance and became a general anti-regime movement within days — shows how rapidly single-issue protests can generalise in high-repression contexts. First female authoritarian leader removed in the library — adds gender dimension previously absent. Army withdrawal of support as the decisive mechanism rather than institutional vote or election.","Iran 1979 (speed of collapse — 48%)","Sudan 2019 (army withdrawal — 65%)","Philippines People Power (55%)","Good","V-Dem 2000–2024; Daily Star Bangladesh; Prothom Alo; August 2024 events still being coded; ANFREL election monitoring"
"PHL_MARCOS","Philippines (Marcos Sr.)","Ferdinand Marcos Sr.","1972–1986","Asia-Pacific","Collapse","mass_mobilisation_removal","High","Completed arc","Crony capitalism: Marcos-linked oligarchs controlling major industries; martial law justified by communist threat + economic development; 1983 Aquino assassination triggering capital flight and economic crisis; IMF bailout 1984; economy contracting 7% 1984–85 — collapse precursor","People Power Revolution February 1986 — 2 million in EDSA highway; Catholic Church (Cardinal Sin) as civil society organiser; Ninoy Aquino assassination 1983 as galvanising event; middle class joining anti-Marcos coalition; military reform movement (RAM) creating elite fracture","Martial law 1972 suspending constitution; 1973 constitution enabling Marcos indefinite rule; Batasang Pambansa as rubber stamp; Comelec captured; snap election 1986 — Marcos declaring victory despite Corazon Aquino winning; NAMFREL parallel count showing Aquino winning","Snap election triggered by US pressure (Reagan administration); NAMFREL (civil society parallel count) as new mechanism; military defection (Enrile/Ramos) triggering People Power; Marcos exile to Hawaii — US-managed exit; Aquino transition internationally supported","US: Cold War anti-communist ally → democracy pressure post-Aquino assassination; Reagan administration: Reagan-Marcos relationship personal; Marcos exile to Hawaii US-facilitated; IMF conditionality; Catholic Church international connections","People Power Revolution is the original template for mass civic mobilisation removing an authoritarian. The NAMFREL parallel vote count (1986) is the first documented case of civil society parallel vote tabulation — precursor to Venezuela 2024 actas. Military defection (Enrile/Ramos joining People Power) as mechanism: authoritarian collapse requires elite fracture, not just mass mobilisation. Catholic Church mobilisation as specific to Catholic-majority societies — Filipino, Polish, Chilean parallels.","Chile 1973 (averted — inverse, 45%)","Iran 1979 (mass mobilisation, 50%)","Romania 1989 (elite fracture, 52%)","Good","V-Dem 1945–2024; NAMFREL documentation; Ateneo de Manila election studies; Teresa Encarnacion Tadem research"
"PHL_DUTERTE","Philippines (Duterte/Marcos Jr.)","Duterte / Marcos Jr.","2016–2026","Asia-Pacific","Consolidation","electoral_authoritarian_return","High","Live — Marcos Jr. consolidating","Duterte: populist infrastructure spending + drug war; Marcos Jr.: son of dictator winning via social media nostalgia campaign; Chinese investment as alternative to US; economic growth maintained despite authoritarian drift; Sara Duterte as VP then falling out — coalition fracture 2024","Drug war: 6,000–30,000 killed extrajudicially — state violence at scale; social media disinformation (Marcos rehabilitation narrative on TikTok/Facebook) as primary tool; millennial voters with no Marcos dictatorship memory; Sara Duterte-Marcos Jr. falling out creating unusual coalition breakdown","ICC investigation into drug war killings — Philippines withdrew from ICC 2019; Supreme Court: some independence maintained; Commission on Elections: functional but under pressure; ABS-CBN broadcast network closure 2020 as media capture; Anti-Terrorism Act 2020","Duterte 2016: anti-establishment outsider + brutal drug war + China pivot; Marcos Jr. 2022: 31m votes (largest in Philippine history) on nostalgia + social media rehabilitation; Leni Robredo as opposition — losing but maintaining democratic opposition viability; Sara Duterte VP then impeachment threat 2024","US: traditional ally + ICC tension + Marcos rehabilitation problematic; China: South China Sea disputes intensifying under Marcos Jr. (pivot back to US); ICC: withdrew but investigation continues; diaspora (10m overseas Filipinos) as political constituency","Nostalgia authoritarianism: the son of the dictator whose removal was a global democracy milestone winning the largest electoral victory in Philippine history via TikTok rehabilitation campaign. No historical parallel for a dictator's direct heir democratically winning 31 years after People Power. Social media as historical revisionism tool operating at scale. Sara Duterte coalition breakdown (VP threatening to assassinate president) is constitutionally unprecedented.","Argentina Peronism return cycles (55%)","Nicaragua Ortega return (50%)","Hungary Orbán (gradual — 48%)","Good","V-Dem 2000–2024; PULSE Asia surveys; COMELEC data; PCIJ investigative journalism; ICC preliminary examination documents"
"PAK_CYCLICAL","Pakistan","Various military/civilian","1947–2026","Asia-Pacific","Stable","cyclical_instability","High","Live — cyclical","IMF dependency: 23 IMF programmes since 1958 — most in Asia; military budget ~4% GDP regardless of civilian/military government; remittances from Gulf diaspora ~$30bn/yr as stabilising factor; China CPEC ($60bn) creating new patron dependency; 2022–23 IMF crisis + inflation spike","Islam as constitutional framework (Islamic Republic) + secular military tradition tension; Pashtun/Punjabi/Sindhi/Baloch ethnic federalism under permanent stress; Ahmadiyya persecution as constitutional discrimination; Imran Khan: first leader with mass urban youth base (PTI); blasphemy law as social control mechanism","Military as 'deep state': ISI controlling foreign policy, strategic industries, media; Supreme Court: occasional independence (Musharraf removal 2007 lawyers movement); National Accountability Bureau as political weapon; 18th Amendment 2010: significant civilian powers — then military circumventing","4 direct coups (1958/1969/1977/1999); Zulfikar Ali Bhutto executed; Benazir Bhutto assassinated; Imran Khan: 2018 won with military support → 2022 no-confidence removal → 2024 jailed + election manipulation; PTI winning 2024 election while leader in jail — unique","US: Cold War ally + War on Terror + democracy pressure tension; China: CPEC + all-weather friendship; India: Kashmir permanent conflict; Afghanistan: Taliban border dynamic; Saudi Arabia/Gulf: financial support + religious influence; nuclear arsenal as ultimate constraint","Nuclear-armed cyclical democracy — the only nuclear state in the dataset with genuine alternation between military and civilian rule. Imran Khan 2024: first case of a party winning parliamentary elections while its leader is in jail and its candidates forced to run as independents — and still winning. The military as the permanent constitutional actor operating outside the constitution is the defining structural feature. 23 IMF programmes demonstrates that economic crisis alone cannot force democratic consolidation.","Thailand cyclical (65%)","Bangladesh pre-2009 (60%)","Turkey military period (55%)","Good","V-Dem 1947–2024; PILDAT democracy assessment; IRI Pakistan surveys; note military periods require separate coding"
"MMR_COUP","Myanmar","Min Aung Hlaing / Aung San Suu Kyi","2011–2026","Asia-Pacific","Collapse","managed_liberalisation_reversal","High","Live — civil war","Military (Tatmadaw) controlling 40%+ of economy via MEHL and MEC conglomerates; jade/gems + timber + gas as military revenue independent of civilian budget; 2021 coup: GDP -18% 2021; sanctions + capital flight; PDG (resistance) controlling territory with parallel economic administration","135 officially recognised ethnic groups — ethnic armed organisations as permanent political actors; Rohingya genocide 2017 — Suu Kyi defending military internationally; Buddhist nationalist movement (MaBaTha) as political tool; 2021 coup: civil disobedience movement + generation Z resistance","2008 constitution: 25% military seats in parliament (requiring 75%+ for constitutional change — designed as veto); NLD winning 2015 and 2020 supermajorities; State Counsellor role created for Suu Kyi (constitutionally barred from presidency); 2021 coup reversing entire transition","Suu Kyi: 30yr opposition icon → Nobel Peace Prize → government leader → military prisoner; 2020 election: NLD won 83% of seats — military claiming fraud; February 2021 coup on eve of new parliament; NUG (National Unity Government) formed in exile; PDG armed resistance controlling significant territory by 2024","China: largest investor + coup non-condemnation + blocking UNSC action; ASEAN: non-interference principle preventing meaningful response; US/EU: sanctions + NUG recognition; India: border + gas pipeline pragmatism; Thailand: refugee flows + trade","Military that never truly transferred power — the 2008 constitution's 25% military seats was a veto design, not a transition mechanism. Suu Kyi defending military at ICJ over Rohingya genocide then imprisoned by same military is a unique reversal of extraordinary symbolic power. PDG (People's Defence Force) resistance controlling more territory than any resistance movement in the dataset — potentially the largest armed democracy movement in history. China's role as coup enabler via UNSC veto is the clearest modern case of external authoritarian support.","Czechoslovakia 1968 (external suppression — 42%)","Chile 1973 (military reversal — 48%)","Algeria 1991 (military cancelling election — 55%)","Moderate","V-Dem 1948–2024; data quality declining post-2021; Fortify Rights; AAPP political prisoner documentation; NUG parallel governance data"
"THA_CYCLICAL","Thailand","Thaksin / Prayuth / Pita / Paetongtarn","2001–2026","Asia-Pacific","Stable","cyclical_instability","High","Live — cycle continuing","Tourism-dependent economy (20% GDP pre-COVID) creating vulnerability to political instability; Thaksin rural development programmes buying northern/northeastern loyalty; Military budget increasing post-2014 coup; Chinese investment as alternative patron; 2017 constitution designed to prevent Thaksin-aligned majority governing","Red Shirt (pro-Thaksin, rural north/northeast) vs Yellow Shirt (urban elite/royalist) as permanent fracture; lèse-majesté law: up to 15 years prison for royal criticism; Move Forward/People's Party: youth urban anti-establishment movement; Pita Limjaroenrat: won plurality 2023, barred from government","Constitutional Court: dissolved Thai Rak Thai (2007), PPP (2008), Future Forward (2020), Move Forward (2024); 2017 constitution: appointed Senate blocking any non-military-approved government; NACC anti-corruption used selectively; Election Commission composition determining election results","Thaksin family winning every free election since 2001; 2006 coup → judicial coup 2008 → 2010 crackdown (90 dead) → 2014 coup → 2023 Move Forward winning plurality → coalition blocked → Move Forward dissolved → Pheu Thai (Thaksin) forming coalition with military parties; Thaksin returned from exile 2023","US: traditional ally with military relationships; China: growing economic influence + political model appeal to military; ASEAN: non-interference; Thaksin: Dubai exile + international business networks; monarchy: Thai king residing in Germany — unusual","22-year cycle with no resolution — neither democratic consolidation nor authoritarian consolidation achieved. Constitutional Court as primary political weapon: dissolved 4 political parties including the most popular party (Move Forward, 14m votes) in 15 years. The monarchy as invisible veto player operating through judicial and military proxies has no direct parallel. Thaksin's 2023 return from exile while Pheu Thai forms coalition with coup-makers who ousted him is historically extraordinary — pragmatic accommodation across the divide that defined Thai politics for 20 years.","Pakistan cyclical (62%)","Peru Fujimori cycles (55%)","Greece junta cycle (50%)","Good","V-Dem 1945–2024; ANFREL monitoring; iLaw constitutional monitoring; King Prajadhipok Institute democracy surveys"
"MYS_UMNO","Malaysia","Mahathir / Abdullah / Najib / Muhyiddin / Anwar","1981–2026","Asia-Pacific","Stable","long_run_dominant_party","Medium","Live — contested transition","UMNO developmental state: NEP affirmative action for Malays creating race-based economic distribution; 1MDB scandal ($4.5bn stolen) as crystallising corruption event; Mahathir 1997 Asian crisis: capital controls vs IMF — unorthodox worked; post-2018 coalition instability affecting investment; Anwar: reformist economics vs race-religion pressures","Malay Muslim majority (60%) vs Chinese (23%) vs Indian (7%) as permanent ethnic political framework; NEP affirmative action creating inter-ethnic tension; Reformasi movement (Anwar Ibrahim imprisonment 1998) as civil society foundation; GE14 2018: historic first BN defeat after 61 years","UMNO 61-year dominance via gerrymandering + malapportionment + sedition law; Judiciary: independence partially maintained (Anwar acquittal 2004); MACC anti-corruption: activated for Najib (unprecedented) then Najib jailed 2022; 2018 transition: UMNO accepting loss — critical institutional moment","Mahathir (UMNO founder) returning aged 92 to lead opposition coalition defeating UMNO 2018 — unique; Sheraton Move 2020: backdoor government collapsing elected coalition; Muhyiddin/Ismail Sabri instability; Anwar Ibrahim: 24yr opposition journey finally PM 2022; UMNO coalition partner with former enemy","China: largest trade partner + BRI investment; US: traditional security partner; Singapore: economic integration + water treaty; ASEAN founding member; OIC: Islamic solidarity dimension; 1MDB: Goldman Sachs settlement showing US legal reach","61-year single party dominance peacefully ended via election — rarer than it sounds. Mahathir's return at 92 to defeat the party he built over 60 years earlier is without parallel in democratic history. The Sheraton Move (2020 backdoor government) demonstrates that electoral victory does not guarantee power in a system with fluid party loyalties. Anwar Ibrahim's 24-year journey from deputy PM → sodomy conviction → opposition leader → PM is the longest democratic rehabilitation arc in the dataset.","Japan LDP (65%)","Mexico PRI (62%)","Singapore PAP (58%)","Good","V-Dem 1957–2024; Merdeka Center polling; BERSIH election monitoring; Malay Mail; note Sabah/Sarawak as separate political entities"
"CHN_XI","China (Xi era)","Xi Jinping","2012–2026","Asia-Pacific","Stable","authoritarian_tightening","Medium","Live — deepening","$18tr GDP (2nd largest) — economic power enabling authoritarian independence from external pressure; Belt and Road Initiative as authoritarian influence export ($1tr+ committed); COVID zero-COVID policy economic cost; Xi's anti-corruption campaign eliminating rivals under economic justification; real estate crisis (Evergrande) as first major internal economic threat","Xi Jinping Thought as mandatory ideology; Uyghur mass detention (1m+) in Xinjiang — largest internment since WWII; Hong Kong National Security Law 2020 ending one country two systems; COVID zero-COVID protest (white paper movement) November 2022 — rare public dissent; social credit system expansion","Collective leadership norm (9-member PSC) → Xi centralisation; term limits removed 2018 — constitutionally; CMC (military) under Xi personal control; CPPCC and NPC as legitimating facades; discipline inspection commission (CCDI) as anti-corruption/purge instrument","Anti-corruption campaign: 1.5m officials punished — genuine reform + rival elimination; Belt and Road as foreign policy instrument; Wolf Warrior diplomacy replacing Deng Xiaoping's 'hide and bide'; Taiwan pressure increasing; no succession mechanism visible; COVID handling as legitimacy test","US: comprehensive strategic competition; Taiwan: reunification timeline pressure; Russia: no-limits partnership + Ukraine war complexity; EU: systemic rival; Global South: development financing creating political influence; nuclear arsenal: second-strike capability","Pure authoritarian deepening within a system that never had competitive elections — cannot be compared to backsliding cases. Scale (1.4bn people) makes this unique in the dataset. Xi's removal of term limits is constitutionally distinct from other cases: the norm was informal (established by Deng), not constitutional — its removal required changing the constitution rather than circumventing it. Belt and Road as authoritarian influence export is a new phenomenon: no previous authoritarian in the library had the economic capacity to systematically export its governance model.","None meaningful — pure authoritarian deepening","Soviet late Brezhnev era (partial — 38%)","Singapore PAP model (aspirational — 35%)","Moderate","V-Dem 1949–2024; note expert survey quality declining post-2015 due to researcher intimidation; HRIC; Congressional-Executive Commission on China"
"SGP_POST2000","Singapore (post-founding generation)","Goh Chok Tong / Lee Hsien Loong / Lawrence Wong","2000–2026","Asia-Pacific","Unique","edge_stable_competitive_auth","Medium","Edge case — succession test","GDP per capita $65k+ (among highest globally); sovereign wealth funds (GIC + Temasek) ~$1.5tr; financial hub + biotech + digital economy transition; COVID management: one of world's most effective; cost of living crisis as first significant domestic legitimacy challenge","Founding generation PAP leaders dying (Lee Kuan Yew 2015); 4G leadership (Lawrence Wong) less personally authoritative; pink dot LGBTQ+ movement — 377A repeal 2022 as social liberalisation; opposition Workers' Party holding 10 seats (most ever) after 2020 election; social media enabling opposition coordination despite media control","GRC system: group representation constituencies forcing ethnic slates — structural opposition barrier; ISA (Internal Security Act): last used for terrorism, not politics recently; defamation law: still used but less frequently; POFMA (Protection from Online Falsehoods) 2019 — new digital censorship tool; elected presidency: Tony Tan / Halimah Yacob (reserved election) as legitimacy questions","Lee Hsien Loong 20yr PM tenure ending 2024 (Lawrence Wong succession); Workers' Party: first credible opposition in 55 years; 2020 election: PAP 61% (lowest since independence) but retained supermajority; Halimah Yacob walkover presidency 2017 — only Malay candidate allowed to contest; POFMA creating chilling effect","US: security partner + democratic pressure; China: ethnic Chinese majority + economic integration tension; Malaysia: water treaty + Johor-Singapore dependency; ASEAN: founding member + host of secretariat; global financial flows: BVI/Cayman alternative + Russian oligarch assets post-2022","The central question: can the Singapore model survive the death of its founding generation? Lee Kuan Yew's personal authority was irreplaceable. Lawrence Wong has none of the biographical legitimacy that justified authoritarian control. Workers' Party holding 10 seats is the beginning of genuine political competition — the first time in 55 years the system faces real pressure from within electoral rules. POFMA (fake news law) is a new digital authoritarianism tool without precedent in the historical library.","Japan LDP late phase (60%)","Mexico PRI late phase (55%)","No match for succession question","Good","V-Dem 1965–2024; IPS (Institute of Policy Studies) surveys; Elections Department; Kirsten Han / New Naratif independent journalism"
"LKA_CRISIS","Sri Lanka","Rajapaksa / Wickremesinghe / Dissanayake","2019–2024","Asia-Pacific","Resilience","economic_driven_removal","Medium","Completed — recovery phase","Rajapaksa family economic mismanagement: tax cuts 2019 + organic farming ban 2021 + Chinese debt + COVID tourism collapse = $51bn external debt default 2022; foreign currency reserves depleted (couldn't import fuel/medicine); IMF bailout negotiated; NPP (Dissanayake) 2024: debt restructuring + anti-corruption platform","Aragalaya protest movement April–July 2022: largest in Sri Lankan history; storming of presidential palace July 9 2022 as iconic moment; Gotabaya Rajapaksa fleeing to Maldives then Singapore; economic hardship (queues for fuel/gas for months) as mobilising condition; Tamil-Sinhalese ethnic tension as permanent background variable","Presidential system enabling Rajapaksa family concentration; Parliament functioning — forced Rajapaksa resignation; Supreme Court: some independence (ruled Rajapaksa policies unconstitutional); 2024 presidential election: Dissanayake (NPP/JVP) first left government since independence","Rajapaksa dynasty: Mahinda (president) + Gotabaya (president) + Basil (finance minister) + Chamal (speaker) — unprecedented family control; Gotabaya fled, Wickremesinghe elected by parliament as caretaker; 2024: Dissanayake NPP won on anti-corruption + accountability platform — genuine democratic accountability","China: Hambantota port ($1.4bn) as debt trap model debate; India: emergency financial support during crisis; IMF: $2.9bn programme conditioning reforms; US: democracy support; Maldives + Singapore: hosting fleeing president","Economic collapse as democracy-saving mechanism — the Rajapaksa family's mismanagement was so severe it generated mass mobilisation that removed them before they could consolidate fully. Contrast Venezuela: oil wealth enabled consolidation despite economic damage; Sri Lanka had no oil buffer. The storming of the presidential swimming pool (July 9 2022) as symbol: ordinary citizens literally swimming in the president's pool while he fled. First left government in Sri Lankan history elected in 2024 — demonstrates democratic accountability functioning even after extreme institutional stress.","Philippines People Power (removal mechanism — 55%)","Bolivia Morales removal (60%)","Ecuador popular removal (58%)","Good","V-Dem 1948–2024; CPA election monitoring; Verité Research; note Tamil minority coding requires attention"
"KHM_HUN","Cambodia","Hun Sen / Hun Manet","1993–2026","Asia-Pacific","Consolidation","gradual_legal_consolidation","Medium","Consolidated — dynasty transition","UNTAC elections 1993 creating nominal democracy; garment industry ($10bn) as economic base with worker suppression; Chinese investment dominant (40%+ FDI); Hun Sen: controlling economic patronage through CPP networks; 2023: economy dependent on China making external democratic pressure ineffective","Khmer Rouge trauma (2m dead, 25% of population) as permanent social memory; FUNCINPEC royalist constituency absorbed or suppressed; CNRP (opposition) dissolved 2017; civil society NGOs operating under foreign agent-style pressure; 2023: Candlelight Party (CNRP successor) prevented from registering","UNTAC-established institutions captured within 10 years; 1997 coup: Hun Sen ousting Ranariddh via violence; Sam Rainsy opposition operating from exile; Supreme Court dissolving CNRP 2017; NEC election commission fully CPP-controlled; 2023 election: CPP won 120/125 seats with main opposition barred","Hun Sen: 38 years as PM (1985–2023) — third longest in world; 2023 transition to son Hun Manet — authoritarian dynastic succession; CNRP dissolved on terrorism charges; Kem Sokha imprisoned; Sam Rainsy in exile; Cambodian diaspora as opposition voice","China: primary patron replacing US post-2017; ASEAN: non-interference protecting Hun Sen; US: democracy funding cut + sanctions on Hun Sen associates; EU: EBA (Everything But Arms) trade preferences suspended 2020; UN: UNTAC legacy creating ongoing accountability pressure","UN-administered elections (UNTAC 1993) producing democracy that was then systematically dismantled over 30 years — the longest-running case of gradual post-UN-transition consolidation in the dataset. Hun Sen to Hun Manet: first authoritarian dynasty transfer in Southeast Asia via planned succession rather than coup or election. China's role as replacement patron (after US withdrew funding) is the clearest case of authoritarian patron substitution enabling consolidation.","Hungary Orbán (gradual legal — 62%)","Mexico PRI (patron network — 58%)","Zimbabwe Mugabe (dynastic — 50%)","Good","V-Dem 1953–2024; LICADHO human rights documentation; COMFREL election monitoring; Radio Free Asia"
"ZAF_ANC","South Africa","Mandela → Mbeki → Zuma → Ramaphosa","1990–2026","Africa","Transition","negotiated_transition","High","Completed transition — partial backsliding then recovery","Apartheid economy: dual structure (first world white + third world black); BEE (Black Economic Empowerment) creating black middle class but also connected elite; Zuma era state capture: Gupta family controlling cabinet appointments and SOE contracts; Eskom collapse (load shedding 10–12hrs/day) as governance failure metric; 32% unemployment structural — highest in dataset","Rainbow Nation narrative vs reality of persistent racial inequality; Gini coefficient 0.63 — highest in dataset; xenophobia against other African migrants (2008, 2015, 2019 waves); land expropriation debate as permanent political fault line; ANC as liberation movement losing moral authority under Zuma; Fees Must Fall 2015–16 as generational mobilisation","Constitutional Court as strongest institution — Zuma jailed for contempt 2021 (unique: sitting ex-president jailed); Public Protector office captured under Busisiwe Mkhwebane then restored under Kholeka Gcaleka; NPA (prosecutorial service) captured then recovering; Electoral Commission (IEC) maintaining independence throughout; Section 89 impeachment process functioning","Mandela: 1 term deliberately — institutional norm-setting; Mbeki: Aids denialism as governance failure; Polokwane 2007: Zuma defeating Mbeki in ANC internal election; state capture 2009–2018: systematic looting of SOEs (Transnet, Eskom, SAA); Ramaphosa: reform project vs ANC factional resistance; 2024 election: ANC below 50% for first time — GNU (Government of National Unity) with DA","BRICS membership creating China/Russia alignment tension with Western partners; AU leadership role — Ramaphosa Ukraine mediation; IMF: no programme but fiscal consolidation pressure; investor confidence as constraint on policy; Mozambique/Zimbabwe instability as regional spillover","Constitutional Court jailing a former president for contempt of court — the only case in the entire library of an institution successfully holding a former head of government legally accountable post-office without foreign pressure. The 2024 GNU (ANC + DA + IFP) is unprecedented: liberation movement governing with its historic white-minority-party opponent. State capture fully documented (Zondo Commission: 5,000+ pages) providing the richest institutional corruption dataset in the library.","Brazil re-democratisation (65%)","India Congress dominance then reform (58%)","Mexico PRI late stage (52%)","Excellent","V-Dem 1900–2024; Afrobarometer; ISS (Institute for Security Studies); Zondo Commission report; Electoral Commission IEC data"
"GHA_DEMO","Ghana","Rawlings → Kufuor → Mills → Mahama → Akufo-Addo → Mahama","1992–2026","Africa","Control","control_stable_democracy","High","Control — Africa's gold standard","Cocoa + gold export economy; 2007 oil discovery (Jubilee field) — resource curse risk managed better than most; 2022 debt crisis: IMF programme after debt default — democratic institutions surviving economic stress; NDC-NPP alternation creating policy uncertainty but institutional stability; remittances 6% GDP","Two-party system (NDC-NPP) with genuine competition; Akan cultural majority but ethnic coalition building required; chieftaincy as parallel governance structure (600+ paramount chiefs); strong civil society (Ghana Civil Society Platform); media freedom index: consistently best in West Africa; religious tolerance (Christian-Muslim roughly equal)","Electoral Commission (EC): consistently credible — 2020 disputed result resolved without violence; Supreme Court: 2013 election petition (Mahama vs Akufo-Addo) heard and decided — loser accepted; CHRAJ (human rights commission) functioning; Auditor-General exposing corruption; Parliament: genuine debate and oversight","Rawlings: military ruler converting to democratic politician — unique trajectory; NDC-NPP alternation 1992–2026: 5 peaceful transfers; 2008 election decided by 40,000 votes — accepted; 2020 EC announcement contested but Supreme Court petition filed (not streets); Mahama returning 2024 — second non-consecutive term","ECOWAS leadership role — Ghana hosting multiple regional institutions; IMF: 2022 programme as economic anchor; World Bank: consistent development partner; China: infrastructure investment; US: AGOA trade preferences; AU: Ghana as stability model cited repeatedly","Africa's most important control case — 5 peaceful electoral transfers in a region where the average is less than 1. The 2013 Supreme Court election petition is the cleanest example of democratic dispute resolution in the African dataset: loser took dispute to court, court ruled, loser accepted. The 2022 debt crisis and IMF programme is a critical stress test — economic catastrophe that did not produce democratic backsliding. Ghana disproves the 'Africa cannot consolidate democracy' thesis most directly.","Costa Rica stability model (62%)","Uruguay democratic consolidation (60%)","Botswana long-run stability (65%)","Excellent","V-Dem 1957–2024; Ghana Statistical Service; Electoral Commission; Afrobarometer; CDD-Ghana; Supreme Court 2013 petition documentation"
"NGA_DEMO","Nigeria","Obasanjo → Yar'Adua → Jonathan → Buhari → Tinubu","1999–2026","Africa","Resilience","extreme_stress_resilience","High","Stressed democracy — surviving","Oil dependency: 90% of exports, 60% of government revenue — resource curse operating; Dutch disease hollowing manufacturing; 2016 recession (-1.6%) first in 25 years — oil price driven; naira devaluation and fuel subsidy removal 2023 creating inflation shock; 200m population with 40% in extreme poverty despite oil wealth; Lagos as parallel economic universe ($100bn GDP — larger than most African countries)","250+ ethnic groups — Hausa-Fulani (north) + Yoruba (southwest) + Igbo (southeast) as dominant tripartite; Boko Haram insurgency (30,000+ dead, 2m displaced) as permanent security variable; #EndSARS 2020 — youth protest against police brutality shot by army (Lekki Toll Gate); Niger Delta militancy as oil infrastructure threat; 2023 election: youth turnout record but results disputed","INEC (electoral commission): 2015 Jonathan conceding before result announced — watershed moment; Supreme Court: 2023 Tinubu election petition — upheld despite evidence questions; EFCC (anti-corruption): selective enforcement; NNPC (oil company) opacity; military: professional but political influence persisting; state governors as semi-autonomous power centres","Jonathan 2015 concession — first sitting African president to concede electoral defeat by phone call to opponent; Buhari: ex-military ruler returning as democrat — legitimacy experiment; 2023: Tinubu ('emilokan' — it is my turn) controversial victory; LP Obi candidacy: youth mobilisation crossing ethnic lines for first time; INEC BVAS technology improving but implementation contested","ECOWAS leadership — Nigeria as regional hegemon (60% of West African GDP); Sahel coups creating regional instability; China: largest bilateral creditor; UK: diaspora (900,000) + historical relationship; US: security cooperation + democracy promotion tension; IMF: no programme but Article IV consultations","Africa's largest democracy (100m+ registered voters) surviving Boko Haram insurgency, oil price crashes, ethnic fragmentation, and serial electoral disputes without democratic collapse. Jonathan's 2015 concession is the single most important democratic act in African political history — changed the continental calculus. #EndSARS and Lekki Toll Gate: army firing on unarmed protesters at a toll booth is the kind of event that ends regimes in the dataset — Nigeria survived it. Scale makes this uniquely important: if Nigeria fails democratically, it affects more people than any other African case.","India (ethnic federalism stress, 58%)","Colombia (conflict + democracy, 55%)","Indonesia post-Suharto (52%)","Good","V-Dem 1960–2024; Afrobarometer; SBM Intelligence; INEC data; 2023 election petition Supreme Court records; Stears data"
"ZWE_MUGABE","Zimbabwe","Mugabe → Mnangagwa","1980–2026","Africa","Consolidation","liberation_movement_capture","High","Mugabe completed — Mnangagwa continuation","From Africa's breadbasket to 500bn% hyperinflation (2008) — most extreme economic collapse in peacetime democratic dataset; Fast Track Land Reform 2000: white farm seizures destroying agricultural exports; ZIM dollar abandoned 2009; USD economy then RTGS$ then ZIG; 80% informal economy; Mnangagwa: dollarization + Chinese investment + diamond revenue opacity","ZANU-PF liberation war legitimacy as founding political currency; Gukurahundi: 20,000 Ndebele killed 1983–87 — Mnangagwa implicated; MDC (Tsvangirai) as opposition surviving systematic violence; 2008 election: Tsvangirai winning first round then withdrawing due to violence (200+ supporters killed); brain drain: 4m Zimbabweans in South Africa","ZEC (electoral commission): systematically captured; judiciary: initially independent then packed (Chidyausiku court); CIO (Central Intelligence Organisation) as political repression tool; security sector: ZANU-PF's private army; November 2017 military intervention removing Mugabe — not a coup officially; ConCourt: 2018 Chamisa petition dismissed in 24 hours","Mugabe: independence hero → 37-year authoritarian; 2000 referendum defeat — first signal of weakness; MDC formation as genuine opposition threatening ZANU-PF for first time; GNU 2009–2013 (ZANU-PF + MDC forced coalition) as unique African power-sharing; Mnangagwa coup-not-coup: 'assisted transition' establishing military as permanent kingmaker; 2023 election: SADC observer mission unprecedented criticism","South Africa: quiet diplomacy (Mbeki) failing to pressure Mugabe; SADC: non-interference norm protecting Mugabe; China: all-weather friend + infrastructure investment + military equipment; UK: land reform as colonial guilt variable; AU: Mugabe respected as liberation elder; sanctions (US ZIDERA, EU) limited effectiveness","Hyperinflation of 500 billion percent — the most extreme economic mismanagement of any country in the dataset that did not produce immediate regime collapse. Mugabe lasting 10 years after economic catastrophe demonstrates liberation movement legitimacy as extraordinary resilience factor for authoritarian regimes. The 2017 'military-assisted transition' is a new category: not a coup (no shots fired, Mugabe negotiated out) but not constitutional — creating a precedent copied in Sudan and Mali.","Venezuela Maduro economic collapse (58%)","Romania Ceaușescu removal (52%)","Bolivia MNR liberation capture (48%)","Good","V-Dem 1980–2024; Zimbabwe Human Rights NGO Forum; ZHRC; Afrobarometer; SADC observer mission reports; GNU documentation"
"RWA_KAGAME","Rwanda","Kagame","1994–2026","Africa","Stable","developmental_authoritarianism","Medium","Live — stable authoritarian","Genocide left GDP -50% in 1994; Vision 2020/2050: fastest-growing African economy 7–8% annually; Kigali as Africa's cleanest city — governance as brand; services + tourism + tech hub strategy; coffee and tea exports; no oil — forced to build competitive economy; inequality: high Gini despite growth (0.43)","Post-genocide reconciliation: gacaca courts processing 1.9m cases; Hutu-Tutsi identity officially banned — 'Rwandan' only; women 61% of parliament (highest globally); monthly umuganda community work mandatory; tight social control: no street protests, no critical media; RPF surveillance described as pervasive by dissidents","Parliament: highest female representation globally but rubber stamp; Supreme Court: packed; National Electoral Commission: captured; RPF party = state; Local governance (imihigo performance contracts) as accountability mechanism downward; Diaspora engagement structured through RPF networks","Kagame: RPF military commander who ended genocide → president since 2000; 2003 referendum + 2015 referendum enabling indefinite rule; Paul Rusesabagina (Hotel Rwanda hero) imprisoned 2020 — international outcry; Victoire Ingabire imprisoned; 2024 election: Kagame 99.15%; no viable opposition permitted","France: genocide complicity → reconciliation 2021; DRC: Rwanda accused of supporting M23 rebels (UN reports); Uganda: periodic tensions; UK: Rwanda asylum deal (2022–24) creating unusual bilateral relationship; AU: Kagame as respected voice on African development; ICC: not a member","Post-genocide reconstruction creating unique legitimacy basis unavailable to any other authoritarian in the library — the regime literally saved the country from extinction. This makes standard democratic backsliding analysis almost inapplicable: what is the counterfactual? Singapore is the only comparable case of genuine competence + systematic political control, but Singapore never faced genocide. The gender parity (61% women in parliament) coexisting with zero political freedom is analytically paradoxical.","Singapore PAP (62%)","Ethiopia EPRDF early (55%)","South Korea developmental state (45%)","Moderate","V-Dem 1990–2024; Human Rights Watch; Amnesty International; gacaca documentation (NURC); expert survey quality limited by access constraints"
"ETH_ABIY","Ethiopia","EPRDF → Abiy Ahmed","1991–2026","Africa","Collapse","reform_reversal_conflict","High","Live — post-war fragility","Second most populous African country (120m) — scale creating unique governance complexity; EPRDF developmental state: 10% growth 2004–2018 — Africa's fastest; Abiy liberalisation: foreign investment surge 2018–2019; Tigray war 2020–2022: $28bn economic damage, 500,000+ dead (UN estimate); Tigray + Amhara conflicts ongoing — fiscal strain; IMF programme 2023","80+ ethnic groups under ethnic federalism (kilil system); EPRDF: Tigrayan minority (6%) dominating coalition despite Oromo (35%) majority; Abiy: first Oromo PM — euphoria of 2018; OLA (Oromo Liberation Army) insurgency continuing post-peace; Amhara Fano militia as new armed actor; Eritrean troops in Tigray — rape and atrocities documented by UN","EPRDF: four ethnic parties (TPLF, ODP, ADP, SEPDM) forced to merge into Prosperity Party — TPLF refused; National Electoral Board: first credible election attempt 2021 but Tigray excluded; judiciary: insufficient independence; Abiy consolidating: NEBE, security services, military under personal control; federal structure surviving but strained","TPLF (Tigray People's Liberation Front): dominated Ethiopia 1991–2018; Abiy Nobel Peace Prize 2019 — fastest from reform hero to war criminal accusation; November 2020 Tigray war start: Abiy framing as law enforcement operation; Pretoria Peace Agreement November 2022; 2021 election: Prosperity Party landslide but legitimacy contested; Amhara conflict 2023 — new front opening","Eritrea: Isaias Afwerki as Abiy ally against TPLF — Eritrean troops committing atrocities in Tigray; Somalia: ATMIS mission; Egypt: Grand Ethiopian Renaissance Dam (GERD) as Nile water conflict; AU: Pretoria mediation; UN/OCHA: humanitarian access denied to Tigray; US: sanctions threat + AGOA suspension","The most dramatic reversal of a democratic opening in the African dataset — Nobel Peace Prize winner launching a war that produced 500,000+ dead within 18 months of the award. The ethnic federalism system (designed to manage diversity) becoming the fault line along which the state nearly fractured. Eritrean troop involvement (foreign military fighting inside Ethiopia against Ethiopian citizens) has no parallel in the dataset. The GERD (dam) as a potential trigger for interstate war between Ethiopia, Egypt, and Sudan adds a unique regional dimension.","Yugoslavia dissolution (ethnic federalism collapse, 58%)","Rwanda pre-genocide (40% — cautionary)","Sudan 2019 transition failure (55%)","Moderate","V-Dem 1991–2024; ACLED conflict data; UN OCHA; Ethiopian Human Rights Commission; expert survey access limited during conflict"
"SEN_DEMO","Senegal","Diouf → Wade → Sall → Faye","1981–2026","Africa","Resilience","long_run_democratic_resilience","Medium","Control — 2024 stress test passed","Francophone West African economy — CFA franc monetary union; phosphate + groundnuts + fishing; 2014 oil/gas discovery (offshore) — resource curse risk emerging; 2021–24 Sall: attempting constitutional manipulation while managing oil transition; Faye 2024: new generation economic agenda; 40% poverty rate despite growth","Sufi brotherhoods (Mouridiyya, Tijaniyya) as parallel social organisation — marabouts as political brokers; Wolof cultural dominance without ethnic conflict; Casamance separatism (low-level 40yr insurgency) as ongoing pressure; strong civil society (Y'en a Marre movement); vibrant press; French language creating elite-mass gap","Constitutional Council: ruled against Sall's third term attempt 2024 — critical institutional resistance; National Assembly: Sonko's Pastef party winning majority; High Court of Justice: functional; CENA (election commission) with moderate independence; Sall's attempt to postpone election February 2024: Constitutional Council overruling him","Diouf: peaceful transfer to opposition (Wade) 2000 — first in West Africa; Wade: democratic entry then third-term attempt blocked by protests (2012); Sall: two terms then attempting postponement — blocked by Constitutional Council; March 2024: Faye (Sonko ally) winning — Sall accepted result; Ousmane Sonko: opposition leader imprisoned then released then PM","France: CFA franc + military bases + Françafrique relationships; ECOWAS: Senegal as stability anchor in coup-affected region; IMF: programme + oil sector governance advice; EU: migration partnership (illegal departures to Canaries); USA: PEPFAR + security cooperation","Africa's most important resilience demonstration of 2024 — Constitutional Council blocking presidential election postponement, forcing Sall to hold elections he appeared to want to avoid, and Faye winning. Three consecutive peaceful transfers (Diouf→Wade→Sall→Faye) makes Senegal unique in Francophone Africa. The Sufi brotherhood system as parallel governance is analytically unique — marabouts commanding bloc votes and providing social services outside the state.","Ghana democratic resilience (68%)","Benin democratic consolidation (60%)","Uruguay LatAm stability (55%)","Good","V-Dem 1960–2024; Afrobarometer; CENA; Constitutional Council rulings; Y'en a Marre documentation"
"SDN_COLLAPSE","Sudan","Bashir → TMC → Hamdok → SAC → civil war","2019–2026","Africa","Collapse","transition_reversal_conflict","High","Live — civil war","Oil exports lost when South Sudan seceded 2011 (75% of revenue); inflation 300%+ by 2019 triggering uprising; bread price doubling as immediate protest trigger; gold mining under SAF/RSF parallel control — war financing; 2023 civil war: economy effectively collapsed; 10m+ displaced — largest displacement crisis globally","December 2018 uprising: bread prices → 'freedom, peace, justice'; Sudanese Professionals Association (SPA) organising — doctors, lawyers, engineers as vanguard; women's leadership (kandakas) prominent; April 2019 sit-in outside military HQ — largest in Sudanese history; RSF (Rapid Support Forces) descending from Janjaweed (Darfur genocide perpetrators) as military actor","TMC (Transitional Military Council) after Bashir removal; Sovereignty Council (military + civilian) as hybrid; Constitutional Declaration August 2019; October 2021 coup: Burhan removing civilian partners; parallel command structures (SAF + RSF) as institutional time bomb; April 2023: SAF-RSF war starting in Khartoum","Bashir 30yr regime: ICC arrest warrant (Darfur genocide) — first sitting head of state indicted; 2019 uprising removing Bashir — mass mobilisation success; Hamdok as civilian PM: civilian-military power sharing; 2021 coup: Burhan and Hemedti (RSF) removing civilian government; April 2023: Burhan vs Hemedti war — two generals who executed 2021 coup turning on each other","UAE: supporting RSF (Hemedti) — gold trade; Saudi Arabia: supporting SAF (Burhan); Egypt: supporting SAF; Russia: Wagner presence + gold concessions; Ethiopia: Pretoria process; AU: suspended Sudan; US: sanctions + attempted mediation (Jeddah talks); ICC: Bashir warrant unexecuted","The only case in the dataset where a successful mass protest movement removing an authoritarian (2019) led to civil war between the two military factions who initially managed the transition. The SAF-RSF war is analytically unique: two parallel military structures created during the Bashir era as mutual deterrents (so neither could coup alone) turning on each other. The Janjaweed-to-RSF transformation (genocide militia → national paramilitary → coup co-conspirator → belligerent) is the most complete institutional corruption arc in the library.","Yugoslavia dissolution (parallel military structures, 55%)","Libya 2011 post-Gaddafi (52%)","DRC post-Mobutu (48%)","Moderate","V-Dem 1956–2024; ACLED; Sudan Conflict Observatory; OCHA humanitarian data; SPA documentation; post-2023 data quality severely limited"
"MLI_COUP","Mali / Sahel coup belt","Keïta → Goïta → Traore (Burkina)","2012–2026","Africa","Stable","cyclical_instability","Medium","Live — junta consolidation","Landlocked — gold exports + subsistence agriculture; French colonial CFA franc system; 2012 coup context: Tuareg rebellion + jihadist expansion destroying northern economy; French military (Barkhane) costs without economic benefit; junta era: France expelled + Wagner/AES arrival; gold revenue under junta control; 2023 ECOWAS sanctions on Niger ($30bn GDP impact)","Tuareg identity (nomadic, trans-border) as permanent structural fault line; Peul/Fulani communities caught between jihadists and army — atrocity allegations against both; French language creating elite-mass gap; Islam: Sufi traditional vs Salafi-jihadist competition; youth bulge (65% under 25) + 30% unemployment as mobilisation base","2012 coup: Captain Sanogo removing Touré — ECOWAS forcing transition; IBK (Ibrahim Boubacar Keïta) elected 2013 legitimately; M5-RFP protest movement 2020; August 2020 coup; second coup March 2021; junta CNSP → transition → CNSP again; Burkina Faso: two coups 2022; Niger: coup July 2023; AES (Alliance des États du Sahel) as anti-ECOWAS bloc","Domino effect: Mali 2020+2021 → Guinea 2021 → Burkina 2022+2022 → Niger 2023 — 6 coups in 3 years in the region; anti-French sentiment as genuine popular base (not just junta PR); Wagner Group arrival as Russian geopolitical tool; ECOWAS sanctions failing to restore democracy; junta transitional timelines consistently extended","France: Barkhane → expelled from Mali, Burkina, Niger; Russia/Wagner: filling security vacuum + gold concessions; Algeria: border + diplomatic mediation; Mauritania: relative stability as regional contrast; AU: suspended all three + Guinea; ECOWAS: sanctions + threat of military intervention (Niger) not executed; US: reducing footprint","The first regional democratic collapse — 6 coups in 3 years across a contiguous geographic zone represents a new systemic phenomenon not seen since Latin America in the 1960s-70s. The anti-French sentiment is genuine mass politics, not just junta manipulation — creating democratic legitimacy for anti-democratic actors. Wagner Group as a new external actor type: private military company providing security in exchange for mining concessions, without the diplomatic constraints of state actors. AES (Mali+Burkina+Niger) forming a new regional bloc specifically to escape ECOWAS democratic conditionality — new institutional architecture of authoritarianism.","Latin America coup belt 1960s–70s (62%)","Thailand military cycles (55%)","Pakistan cyclical instability (50%)","Moderate","V-Dem 1960–2024; ACLED; Armed Conflict Survey; ISS West Africa; ECOWAS documentation; Wagner presence: ACLED + investigative journalism"
"BWA_CONTROL","Botswana","BDP → Masisi → Boko","1966–2026","Africa","Control","control_stable_democracy","High","Control — 2023 transfer completed","Diamond wealth (De Beers partnership) managed unusually well — Debswana model: government 50% partner; Botswana Development Corporation as sovereign wealth mechanism; GDP per capita: $100 (1966) → $8,000 (2026) — fastest sustained growth in world history 1966–2000; 2023: Moody's upgrade; diversification challenge as diamonds depleting; 20% unemployment structural","Tswana cultural majority (80%) without meaningful ethnic conflict — unique in African context; San (Bushmen) minority rights as ongoing question; HIV/AIDS: 25% prevalence peak 2000 → managed down to 12% via universal treatment programme; strong civic culture; low corruption perception (Africa's least corrupt consistently); Kgotla (traditional assembly) as participatory governance","Independent Electoral Commission: credible since 1969; High Court: genuine independence; Directorate on Corruption and Economic Crime (DCEC): functional; Ombudsman; Parliament: genuine debates; 2023: IEC managing first competitive transfer in 57 years cleanly; BCP (Duma Boko) accepting result immediately","BDP (Botswana Democratic Party): 57yr dominance without becoming authoritarian — the puzzle the Singapore comparison highlights; Seretse Khama founding legitimacy; 2019: Masisi defeating Khama (former president backing opposition) — internal BDP conflict; 2023 election: BDP losing to UDC (Duma Boko) — first transfer; Khama in exile in South Africa during 2019–2023","South Africa: economic dependency (80% trade) + SACU customs union; De Beers/Anglo American: diamond partnership; UK: Commonwealth relationship; Zimbabwe: refugee flows; Namibia: Chobe water sharing; no significant security threats enabling domestic consolidation focus","Diamond wealth managed for development rather than capture — the resource curse not operating. 57 years of single-party democracy without authoritarian consolidation — the longest in Africa. The 2023 transfer is the completion of the arc: the system produced a genuine alternation after 57 years, demonstrating that long dominant-party democracies can self-correct electorally. The Kgotla system (traditional public meetings for community decision-making) as participatory governance predating colonialism and surviving into modern democracy.","Ghana democratic consolidation (68%)","Japan LDP voluntary transfer (60%)","Mexico PRI voluntary transfer 2000 (58%)","Excellent","V-Dem 1966–2024; Afrobarometer; IEC Botswana; Transparency International (consistently top 3 in Africa); Statistics Botswana"
"KEN_RESILIENCE","Kenya","Moi → Kibaki → Odinga/Kenyatta → Ruto","1992–2026","Africa","Resilience","mediated_recovery","Medium","Stressed democracy — recovering","East Africa's largest economy — Nairobi as regional hub; mobile money (M-Pesa) as financial innovation; flower exports + tourism + tea; 2007–08 post-election violence cost $1bn; 2022 drought + global inflation creating 2023 Gen Z protest context; IMF programme 2023; debt: 70% GDP","42 ethnic groups — Kikuyu-Luo rivalry as dominant fault line (Kenyatta-Odinga dynasties); 2007–08: 1,300 killed in post-election ethnic violence — ICC cases; Nusu Mkate (half-bread) coalition as forced power-sharing; Gen Z protests June–July 2024 (finance bill) — new non-ethnic youth mobilisation; Odinga-Ruto handshake 2018 as conflict resolution model","IEBC (election commission): 2017 Supreme Court nullifying election — unique globally; 2022 IEBC: credible result accepted by Odinga; Supreme Court: demonstrated genuine independence (2017 nullification); ICC cases: Kenyatta and Ruto charged then cases collapsed — impunity concern; EACC anti-corruption: limited effectiveness","Moi 24yr authoritarian → 2002 peaceful transfer (NARC coalition); Kibaki-Raila 2007 disputed → violence → Kofi Annan mediation → GNU; 2013/2017 Jubilee (Kenyatta-Ruto); 2017 Supreme Court nullification globally unique; 2022: Ruto defeating Odinga — Odinga finally accepting result; 2024 Gen Z protests forcing Ruto to withdraw finance bill and reshuffle cabinet","EAC membership; IMF: programme + conditionality; US: security partnership (counterterrorism); China: SGR railway ($3.6bn) + debt controversy; UK: historical relationship; Somalia: Al-Shabaab spillover as security variable; ICC: withdrawal attempt failed","2017 Supreme Court nullifying a presidential election is the only case in the entire dataset of a court overturning a sitting president's re-election — globally unprecedented. The 2024 Gen Z protest movement (finance bill) is analytically significant: non-ethnic, social-media organised, crossing class lines — fundamentally different from historical Kenyan mobilisation. The Odinga-Ruto handshake (political enemies becoming allies) as conflict prevention mechanism is the most used political tool in East Africa — now a model.","Senegal democratic resilience (62%)","Ghana 2013 petition (60%)","Colombia conflict + democracy (52%)","Good","V-Dem 1963–2024; KNBS; IEBC; Supreme Court 2017 nullification records; Afrobarometer; KNCHR post-election violence documentation"
"CRI_CONTROL","Costa Rica","Various (PLN/PUSC/PAC/PLP alternation)","1948–2026","Latin America","Control","control_stable_democracy","High","Control — 76yr unbroken democracy","Abolished army 1948 — defence budget redirected to education and health; eco-tourism + tech sector (Intel, Amazon) as modern economy; dollarized services economy; 2009 fiscal crisis managed without democratic stress; 5% GDP growth average; relatively low inequality by LatAm standards (Gini 0.48); universal healthcare (Caja) as social contract anchor","""Pura vida"" cultural identity as genuine political consensus; strong environmental consciousness; universal literacy (97%) highest in LatAm; no indigenous land rights resolution as ongoing tension; migration: 400,000 Nicaraguan migrants creating labour market politics; evangelical church growth challenging Catholic social consensus","Tribunal Supremo de Elecciones (TSE): the most trusted electoral institution in Latin America — decisions accepted by all parties since 1949; constitutional ban on re-election (one term only) eliminating incumbency advantage; Sala IV (Constitutional Chamber) as genuinely independent court; Defensoría de los Habitantes (ombudsman) functioning; Contraloría General auditing state","PLN-PUSC two-party system → fragmentation post-2014; PAC outsider Solís winning 2014; Carlos Alvarado 2018 on marriage equality platform — won; Rodrigo Chaves 2022: populist outsider winning but within institutional constraints; no serious coup attempt in 76 years; one-term limit preventing personality consolidation","OAS founding member; CAFTA (Central America Free Trade Agreement) with US; regional destabilisation pressure (Nicaragua, Honduras); Panama as economic partner; no military alliance needed — no army; climate leadership disproportionate to size","The only country in the dataset that abolished its army and has maintained unbroken democracy for 76 years — these two facts are causally connected. The TSE (electoral tribunal) is the single most trusted electoral institution in the entire library — its decisions have never been seriously contested by a losing party. One-term presidential limit as the most effective single institutional innovation against personalismo. The most important control case for testing what enables democratic consolidation without military backing.","Uruguay democratic stability (72%)","Botswana long-run stability (65%)","Ghana consolidation (60%)","Excellent","V-Dem 1900–2024; TSE election data; LAPOP; Latinobarómetro; 76 years of unbroken electoral data — highest quality in LatAm"
"URY_CONTROL","Uruguay","Various (FA/PC/PN alternation)","1985–2026","Latin America","Control","control_stable_democracy","High","Control — most stable LatAm democracy","Welfare state model unusual in LatAm — Batllismo legacy; 2002 banking crisis (-11% GDP) survived democratically; Frente Amplio (left) governing 2005–2020 without democratic regression; social policies: marijuana legalisation, same-sex marriage, abortion rights — progressive without instability; 2020 Lacalle Pou (right) winning — peaceful transfer; low Gini (0.39) by LatAm standards","Most secular society in Latin America — church separation 1919; strong labour movement (PIT-CNT); university autonomy tradition; 95% literacy; small population (3.5m) enabling social cohesion; Tupamaro guerrilla movement (1960s–70s) integrating into democratic politics as MPP — unique rehabilitation","Electoral Court: independent and trusted; Parliament: genuine legislative power; Supreme Court: functioning independence; Frente Amplio: left coalition proving democratic left can govern without institutional capture; Ministerio Público: anti-corruption functioning; INDDHH human rights institution","Military dictatorship 1973–1985: pacted transition via Naval Club Agreement; Sanguinetti first democratic president; Frente Amplio winning 2005 (Tabaré Vázquez) — first left government; Mujica (2010–2015): most admired LatAm president of era; FA-PC-PN alternation functioning; Orsi (FA) winning 2024 — third left government","Mercosur founding member; strong rule-of-law reputation attracting investment; ICSID arbitration record: Uruguay winning tobacco case against Philip Morris; OAS active participant; Argentina economic crises creating spillover risk; Brazil political instability as contrast","Tupamaro guerrillas (who kidnapped diplomats and robbed banks in the 1970s) becoming a governing political party (MPP) and producing President Mujica — the most complete transformation of an armed movement into democratic politics in the dataset. The only LatAm country that successfully resisted tobacco industry legal pressure (Philip Morris ICSID case) — rule of law functioning against a multinational. Mujica donating 90% of presidential salary to charity and living on a farm — symbolic politics with genuine democratic legitimacy effect.","Costa Rica stability (70%)","Chile post-Pinochet (65%)","Spain post-Franco (58%)","Excellent","V-Dem 1900–2024; Corte Electoral; LAPOP; Latinobarómetro; Mujica presidency extensively documented"
"VEN_FULL","Venezuela","Chávez → Maduro","1998–2026","Latin America","Collapse","resource_funded_populism","High","Live — collapse stage","Oil at $140/barrel (2008) enabling Misiones social programmes; GDP contraction 75% between 2013–2021 — worst peacetime economic collapse in hemisphere; hyperinflation 1,000,000% in 2018; parallel exchange rate as corruption mechanism; PDVSA purge after 2002 strike converting oil company to political instrument; US sanctions accelerating collapse while strengthening nationalist narrative","7 million emigrants (25% of population) — largest displacement crisis in Western hemisphere; Colectivos: armed pro-regime civilian militias replacing police; malnutrition and healthcare collapse creating humanitarian emergency; elite emigration preceding mass emigration — early warning signal confirmed; Chavismo as identity not just politics — barrio base remains loyal","1999 Constitution: Chávez rewrote rules via referendum; Supreme Court packed with chavistas after 2004 recall referendum; Electoral Council (CNE) fully captured — no credible elections since 2013; National Assembly bypassed via Supreme Court 2017; 2024 election: Maduro claiming victory, opposition producing cryptographic proof of fraud (actas)","Coup attempt 2002: Chávez survived, radicalised consolidation; oil strike 2002–03: Chávez won, purged PDVSA; 2004 recall referendum: won, demoralised opposition; Maduro succession: chavismo without Chávez losing legitimacy rapidly; 2019 Guaidó parallel presidency — institutional dual power; 2024: Edmundo González winning per parallel count, Maduro refusing to leave","Cuba: intelligence and security apparatus training; US: 2002 coup support then sanctions; ALBA as counter-US regional bloc; Russia/China: oil-for-loans financing regime survival; Colombia: spillover + Petro attempting mediation; Carter Center withdrawing from 2024 observation","Only modern case reaching full collapse endpoint while remaining nominally sovereign — useful because the full arc is visible. The 2024 election fraud with verifiable cryptographic tally sheets (actas) is a new phenomenon: opposition had proof of fraud within hours, world acknowledged it, regime survived anyway. Colectivos as permanent parallel state replacing institutional security functions — new authoritarian tool. Oil revenue as democracy-dissolving mechanism: the resource curse operating in real time across 25 years.","Argentina Perón late stage (62%)","Zimbabwe Mugabe economic collapse (58%)","Belarus Lukashenko survival (52%)","Good","V-Dem 1900–2024; Carter Center reports; Súmate parallel count data; OCHA humanitarian data; actas database from 2024 election (opposition)"
"BOL_MORALES","Bolivia","Morales → Áñez → Arce","2006–2026","Latin America","Resilience","electoral_reversal_residue","High","Completed reversal — fragile","Gas nationalisation 2006 — revenues funding Bono Dignidad social programmes; poverty reduction: 60% → 35% under Morales legitimising consolidation; 2019 crisis: economic stability not the issue — term limit manipulation the trigger; Arce: MAS economic continuity; 2023–24: MAS internal split (Morales vs Arce) creating parallel crisis","First indigenous president in Bolivia's history — Morales as Aymara coca farmer symbolic breakthrough; plurinational constitution 2009 recognising 36 indigenous nations; lowland indigenous (TIPNIS highway) vs highland indigenous tensions within MAS base; middle class mobilisation against third term (Pitita movement); evangelical church growth as new political actor","2016 referendum: Morales lost term limit vote, Constitutional Tribunal overruled referendum — critical institutional capture; TSE (electoral court): 2019 controversy over vote count pause; OAS preliminary report alleging fraud; Constitutional Tribunal as captured institution; interim Áñez government: authoritarian overreach creating its own problems; MAS winning 2020 cleanly — Áñez arrested","Morales 2019: alleged fraud + OAS report + police mutiny + military 'suggesting' resignation; Áñez assuming presidency: right-wing interim overreach; 2020: Arce (MAS) winning 55% — clear mandate; Morales attempting return and challenging Arce within MAS; 2025 election: Morales barred by courts — MAS internal war continuing","US: NED funding anti-Morales civil society; Brazil: Lula supporting MAS return; Argentina: kirchnerismo solidarity; Cuba/Venezuela: Morales allies; OAS: 2019 report disputed — MIT study questioning it; IMF: Article IV consultations","The only case where a term-limit referendum defeat (2016) was overruled by a constitutional tribunal — and where the resulting consolidation attempt then failed via street pressure + military withdrawal (2019). The OAS preliminary fraud report is analytically contested (MIT reanalysis disputed OAS conclusions) — making this the only case where the international legitimacy of a democratic removal is genuinely uncertain. Morales vs Arce MAS internal war 2023–24 shows that the 'reversal' is incomplete: the movement that was removed is now fighting itself.","Ecuador Correa partial consolidation (65%)","India Emergency 1977 reversal (60%)","Peru Fujimori removal (55%)","Good","V-Dem 1900–2024; OAS 2019 report; MIT reanalysis; LAPOP; Latinobarómetro; TSE data"
"NIC_ORTEGA","Nicaragua","Ortega (second era)","2007–2026","Latin America","Consolidation","populist_consolidation","High","Live — advanced consolidation","Poorest country in Central America after Haiti; remittances 20% GDP (Nicaraguans in Costa Rica/US); Ortega: mixed economy maintaining private sector cooperation until 2018; maquila (textile) exports; 2018 crisis (-4% GDP): social security reform protest → crackdown → international isolation; sanctions limiting access to multilateral financing; Rosario Murillo (wife/VP) managing economic patronage","2018 uprising: social security cuts → student protests → Ortega ordering paramilitaries → 350+ killed; massive emigration post-2018 (600,000+, 10% of population); Catholic Church attacked (Bishop Álvarez imprisoned); universities closed or captured; civil society organisations illegalised (1,500+ NGOs dissolved); Sandinista revolutionary legitimacy fully exhausted","Supreme Electoral Council: captured; Supreme Court: packed; National Assembly: FSLN supermajority after opposition excluded; 2021 election: all viable candidates imprisoned before election; Constitutional amendments: indefinite re-election, Murillo as co-president; Catholic Church property confiscated; universities intervened","Ortega first era (1979–1990): Sandinista revolution; defeated 1990 (Chamorro); returned 2007 via electoral legitimacy; gradual consolidation 2007–2018 below international radar; 2018 as acceleration point; 2021: 7 presidential candidates arrested; Ortega winning with 75% — no real opponents; Murillo dynasty building: children in key positions","Venezuela: Petrocaribe oil subsidies (ended 2018 — economic shock); Cuba: security cooperation model; Russia: arms + diplomatic support; US: NICA Act sanctions; OAS: Nicaragua withdrew 2021; CAFTA: suspended; Costa Rica: 600,000 Nicaraguan refugees straining relations","The most complete Central American authoritarian consolidation — surpassing even Somoza in institutional comprehensiveness. The Catholic Church attack is unique in LatAm: arresting a bishop (Álvarez) and expelling the papal nuncio breaks a historical LatAm norm that even Pinochet didn't cross. The Murillo co-presidency is the first formal family co-rule in Western hemisphere outside monarchies. 1,500+ NGO dissolutions in a single year exceeds Hungary's entire civil society restriction programme.","Venezuela Maduro advanced (68%)","Belarus Lukashenko (62%)","Cuba Castro consolidation (55%)","Good","V-Dem 1900–2024; CENIDH (human rights); Confidencial (Chamorro family media); MESENI-IACHR; OHCHR 2018 report"
"COL_RESILIENCE","Colombia","Various (Uribe → Santos → Duque → Petro)","1991–2026","Latin America","Resilience","extreme_stress_resilience","Medium","Live — stressed democracy","Resource economy (oil + coal + coffee + flowers); FARC conflict cost estimated at $200bn over 50 years; Plan Colombia ($10bn US aid) as security-economic intervention; peace dividend post-2016: FDI surge, tourism growth; Petro: first left government — market anxiety vs poverty reduction mandate; coca economy ($3–5bn) as parallel governance funder","50yr FARC conflict: 9m displaced — largest in Western hemisphere after Syria; 450,000 killed (conservative estimate); 2016 peace referendum: No winning narrowly — peace agreement rejected by voters then implemented anyway; Petro: first Afro-Colombian VP (Francia Márquez); Indigenous communities caught between FARC/ELN/paramilitaries/army; femicide rate among highest in region","Constitutional Court: consistently strong — ruling against Uribe third term attempt 2010; Fiscalía (prosecutor): selective under Barbosa (Duque appointee) → Petro conflict; Peace Special Jurisdiction (JEP): novel transitional justice institution; Constitutional amendment for peace deal: creative institutional adaptation; Congress: genuine but fragmented (16+ parties)","Uribe: security success + democratic security policy + third term blocked by Constitutional Court; Santos: peace Nobel + peace deal rejected by voters + implemented anyway; Duque: Uribe protégé + peace deal implementation critic; Petro 2022: first left president ever — Gustavo Petro (former M-19 guerrilla) + Francia Márquez; ELN negotiations ongoing","US: Plan Colombia + military cooperation + drug war; Venezuela: FARC/ELN sanctuary + Maduro relationship with Petro complex; Ecuador: Andean border dynamics; Panama: trafficking routes; IMF: surveillance + adjustment; OAS: active participant","Democracy surviving 50 years of simultaneous armed conflict (FARC + ELN + paramilitaries + drug cartels) without democratic collapse — the most extreme sustained internal security stress in the dataset. The peace deal rejected by referendum but implemented anyway is a unique democratic paradox — most democratic case of counter-majoritarian executive action in the dataset. Petro as former M-19 guerrilla (group that stole Bolívar's sword) winning the presidency is the most extreme political rehabilitation in LatAm — even more dramatic than Uruguay's Mujica.","Peru conflict + democracy (55%)","Philippines stress resilience (52%)","Nigeria extreme stress (50%)","Good","V-Dem 1900–2024; INDEPAZ conflict monitoring; UNHCR displacement data; JEP documentation; LAPOP; Verdad Abierta investigative journalism"
"SLV_BUKELE","El Salvador","Bukele","2019–2026","Latin America","Consolidation","populist_consolidation","High","Live — rapid consolidation","Gang economy: MS-13 + Barrio 18 controlling 30% of territory and taxing businesses (renta); Bukele: Bitcoin legal tender 2021 — IMF objection; Territorial Control Plan security crackdown → homicide rate -95% (highest reduction in world history); economic growth from security dividend; remittances 25% GDP; bond market: El Salvador high-yield as Bukele bet","Gang terror: 6,000+ homicides/year pre-Bukele → 154 in 2023 — transformation of daily life; estado de excepción: 80,000+ arrested since March 2022; CECOT mega-prison (40,000 capacity); due process suspended — innocent people imprisoned documented; approval rating 90%+ — genuine popular mandate for authoritarian security","2021: Supreme Court ruling Bukele could run for re-election (constitution prohibited it) — court he packed making the ruling; Legislative Assembly: Nuevas Ideas supermajority after 2021 sweep; Fiscal: captured; Constitutional Chamber: replaced after Bukele-aligned assembly dismissed sitting judges; 2024 re-election: won with 85%","Bukele entering legislature with armed soldiers 2020 — first explicit show of force; New Ideas party: millennial autocrat branding; FMLN (former guerrilla) and ARENA (right) both decimated; 2024: running for re-election constitution prohibited, won anyway; regional model: Honduras, Ecuador copying security approach","IMF: Bitcoin concern + estado de excepción human rights; US: Magnitsky sanctions on officials; OAS: human rights criticism; Gang presence in US (MS-13) creating bilateral security dynamic; Bitcoin: Chivo wallet failure as economic experiment cautionary tale; China: diplomatic recognition switch 2023 (from Taiwan)","The fastest approval rating consolidation in the dataset — Bukele went from 52% (2019) to 90%+ (2023) by delivering security results that changed daily life. This creates a new analytical challenge: what is democratic backsliding when the population genuinely supports the consolidation? The homicide rate reduction (-95%) is the largest in world history — making the 80,000+ arbitrary arrests politically sustainable in ways that have no historical parallel. Regional model: Honduras Xiomara Castro and Ecuador Noboa copying the security state approach — a new LatAm playbook emerging.","Philippines Duterte (70%)","Hungary Orbán popular mandate (62%)","Peru Fujimori security legitimacy (60%)","Good","V-Dem 2000–2024; InSight Crime; CRISTOSAL human rights; PDDH ombudsman; estado de excepción documentation; homicide statistics (PNC)"
"MEX_AMLO","Mexico","AMLO → Sheinbaum","2018–2026","Latin America","Consolidation","populist_consolidation","High","Live — judicial consolidation 2024","NAFTA/USMCA integration making Mexico deeply linked to US economy; AMLO: cancelling airport ($13bn sunk cost), Dos Bocas refinery (oil nationalism), Tren Maya; nearshoring boom (China+1 strategy) benefiting Mexico despite AMLO policies; remittances $63bn (2023) — largest in world; cartel economy: $30–50bn parallel GDP","Feminicide crisis: 10 women killed daily — AMLO dismissing feminist protests as 'conservatives'; cartel territorial control: 30%+ of municipalities under criminal governance; AMLO mañaneras (daily press conferences): 3hr information dominance strategy; 2024: Sheinbaum first female president — gender milestone within consolidating system; indigenous community conflicts over megaprojects","2024 judicial reform: all judges (including Supreme Court) to be elected by popular vote — eliminates judicial independence; INE (electoral institute): AMLO repeatedly attacking, failed to capture; SCJN (Supreme Court): resigned en masse October 2024 rather than face popular election; military: AMLO expanding role (airports, customs, National Guard) — remilitarisation of public security","PRI 71yr dominance ended 2000; Fox/Calderón/Peña Nieto period; AMLO losing twice (2006, 2012) before winning 2018; Morena supermajority 2024 enabling constitutional changes; judicial reform passing despite SCJN resistance; Sheinbaum: climate scientist turned continuity candidate; cartel-state relations: AMLO 'hugs not bullets' policy","US: USMCA + migration + fentanyl + cartel pressure; judicial reform: US expressing concern about rule of law for investors; China: nearshoring + Huawei in infrastructure; remittances from 13m Mexicans in US as economic anchor; cartels as parallel foreign policy actors (Sinaloa, CJNG operating in 40+ countries)","Judicial reform requiring popular election of all judges — including Supreme Court — is the most radical attack on judicial independence in any democracy since Venezuela's 1999 constitution. The SCJN resigning en masse rather than face election is unprecedented judicial resistance. Mexico's cartel economy ($30–50bn) as a parallel governance system affecting 30%+ of municipalities is a new variable — not political opposition but criminal territorial control coexisting with formal democracy. Sheinbaum as first female president of a consolidating system creates an analytical tension: gender milestone + institutional regression simultaneously.","Venezuela Chávez early stage (65%)","Hungary Orbán judicial capture (62%)","Mexico PRI (own origin — 58%)","Excellent","V-Dem 1900–2024; INE; SCJN records; Animal Político; LAPOP; InSight Crime cartel data; judicial reform documentation 2024"
"ARG_DIRTY","Argentina (Dirty War / re-democratisation)","Videla → Galtieri → Alfonsín","1976–1994","Latin America","Collapse","military_coup_collapse","High","Completed arc","Inflation 300%+ pre-coup; Martínez de Hoz shock therapy 1976: financial liberalisation creating debt bubble; 1982 debt crisis first in LatAm wave; Falklands War economic cost; hyperinflation 3,000% 1989 (Alfonsín resigning 5 months early); Menem convertibility (peso=dollar) as stabilisation; 2001 collapse as legacy","30,000 disappeared (official estimate) — desaparecidos as defining collective trauma; Mothers of the Plaza de Mayo: weekly marches creating permanent accountability pressure; 1982 Falklands: junta exploiting nationalism → military defeat → collapse; ESMA detention centre as symbol; Nunca Más report 1984 as truth-telling model for LatAm","Junta: three-service rotating presidency (Army/Navy/Air Force) as internal balance; CONADEP truth commission: Alfonsín creating accountability model; Juicio a las Juntas 1985: first trial of military junta in Latin American history; carapintadas (painted faces) military rebellions 1987–1990 threatening democracy; Full Stop and Due Obedience laws limiting accountability","Videla: proceso de reorganización nacional; 1982 Falklands: military defeat ending regime; Alfonsín: Radical Civic Union winning — defeated Peronism for first time; Juicio a las Juntas historic; hyperinflation forcing early transfer to Menem; Menem pardoning junta members 1990 — accountability setback; Supreme Court nullifying pardons 2003 (Kirchner) — accountability restored","US: Operation Condor cooperation; Carter administration human rights pressure (reducing but not ending support); UK: Falklands War — military defeat as forcing mechanism for transition; IMF: debt crisis conditioning transition economics; Pope Francis (Bergoglio) — Argentine Jesuit as complex figure during dictatorship","Juicio a las Juntas (1985) — first successful prosecution of a military junta by a civilian court in world history. Template for Nuremberg-style accountability used by Spain, Chile, Peru, East Timor subsequently. The Falklands defeat as democratic forcing mechanism is the closest parallel to Greece's Cyprus disaster — external military failure ending authoritarianism. CONADEP and Nunca Más as truth commission model exported globally. Mothers of Plaza de Mayo: the most sustained and symbolically powerful human rights movement in LatAm history.","Greece Junta (military defeat ending regime, 68%)","Chile re-democratisation (62%)","Brazil re-democratisation (58%)","Excellent","V-Dem 1900–2024; CONADEP Nunca Más; Juicio a las Juntas trial records; CELS; Memoria Abierta oral history; Alfonsín Foundation"
"PER_CYCLE","Peru","Fujimori → Toledo → García → Humala → PPK → Vizcarra → Sagasti → Castillo → Boluarte","1990–2026","Latin America","Stable","cyclical_instability","Medium","Live — permanent crisis","Mining economy (copper, gold, silver — 60% exports); Fujimori shock therapy 1990: hyperinflation ended but social cost; 2000s commodity boom funding social spending; consistent 5–6% growth with persistent poverty (25%); 6 presidents in 5 years 2016–2021 costing economic confidence; Castillo impeachment + Boluarte protests: -0.5% 2023 in mining regions","Sendero Luminoso legacy: 70,000 killed 1980–2000 — CVR truth commission; Quechua/Aymara majority ruled by Lima mestizo elite — Castillo as Quechua teacher symbolising rupture; Baguazo 2009: Amazon indigenous protest (33 dead); 2022–23 protests against Boluarte: 49 dead in provinces — regional vs Lima divide made lethal; anti-politics sentiment driving outsider candidates","Constitutional Tribunal: functioning but strained; Congress: weaponising impeachment (vacancia) as political tool — Kuczynski, Vizcarra, Castillo all impeached or attempted; Electoral authorities (JNE/ONPE/RENIEC): credible; Fiscalía: prosecuting former presidents (Fujimori, Toledo, García suicide, Humala, Kuczynski, Vizcarra, Castillo all charged); judiciary: slow but functioning","Fujimori autogolpe 1992 → democracy restored 1995 → Fujimori fleeing 2000 (Japan, then Peru prison); Lava Jato: all living presidents charged with Odebrecht corruption; Castillo: rural teacher winning 2021, attempting autogolpe December 2022, impeached, imprisoned; Boluarte: VP becoming president — lowest approval (9%) of any leader in dataset; 2026 election: new outsider likely","Lava Jato (Brazilian Odebrecht): contaminating entire political class across borders; IMF: programme-free due to fiscal orthodoxy; US: drug war cooperation; China: mining investment (Las Bambas) creating community conflict; Venezuela: Peruvian diaspora in Venezuela + migrants returning; OAS: monitoring electoral processes","6 presidents in 5 years (2016–2021) — the highest executive turnover of any democracy in the dataset. Every living former president either in prison, on trial, or fled the country — the most complete elite accountability (or persecution, depending on view) anywhere. The vacancia (presidential impeachment for 'moral incapacity') as routine political weapon is a Peruvian innovation that has destroyed democratic stability. Castillo: Quechua coca leaf chewer teacher becoming president then attempting autogolpe — the most extreme social mobility + political failure arc in LatAm.","Thailand cyclical instability (60%)","Pakistan civilian-military cycles (55%)","Ecuador presidential crises (58%)","Good","V-Dem 1900–2024; JNE election data; CVR truth commission; IDL Reporteros; LAPOP; Ministerio Público prosecution records"
"EGY_MUBARAK","Egypt (Mubarak era)","Mubarak","1981–2011","MENA","Stable","long_run_dominant_party","High","Completed — Arab Spring ending","Military economy: SCAF (Supreme Council of Armed Forces) controlling 25–40% of formal economy via military enterprises; IMF structural adjustment 1991 — partial liberalisation; Gamal Mubarak: crony capitalism + privatisation benefiting connected elite; GDP growth 5–7% 2004–2008 without poverty reduction; subsidies (bread, fuel) as social contract — fiscally unsustainable","Muslim Brotherhood as largest organised opposition — officially banned but tolerated; Coptic Christian minority (10%) as permanent vulnerability indicator; emergency law in force continuously 1981–2011 (normalised); Jan.25 revolution: Tahrir Square as global symbol; youth unemployment 30%+ as mobilisation base; Al-Jazeera changing information environment","NDP (National Democratic Party): single party facade with no real role; Parliament: 97% NDP 2010 — fraud so blatant it triggered opposition coordination; Interior Ministry (security apparatus) as real power; Mubarak family using judiciary to manage succession planning; Emergency Law enabling detention without trial — used routinely","Sadat assassination 1981 → Mubarak 30yr rule; succession planning: Gamal Mubarak as intended heir; 2005: first multi-candidate presidential election (Ayman Nour imprisoned after); 2010 parliamentary elections: NDP winning 97% — triggering opposition; Jan.25 2011: 18 days ending Mubarak; SCAF taking power — military managing transition","US: $1.3bn annual military aid as Camp David commitment; Israel: peace treaty as regional anchor; Saudi Arabia: financial support; IMF: structural adjustment; Gaza: border management as US/Israel pressure point; Wikileaks: US cables showing awareness of Mubarak regime's nature","30-year emergency law normalisation — the longest continuous emergency law in the dataset. The Jan.25 revolution is the first Arab democratisation attempt enabled by social media (specifically Facebook + Twitter + Al-Jazeera combination) — new mobilisation infrastructure. SCAF managing transition while retaining power demonstrates military veto player operating at scale without any civilian institutional counterweight.","Mexico PRI late stage (62%)","Tunisia Ben Ali (68%)","Jordan monarchy management (52%)","Good","V-Dem 1952–2024; Egyptian Initiative for Personal Rights; HRW; Wikileaks cables; UNDP HDI data; Al-Jazeera archive"
"EGY_SISI","Egypt (post-Arab Spring)","Morsi → Sisi","2011–2026","MENA","Collapse","failed_transition","High","Completed reversal — Sisi consolidating","Revolution cost: tourism -50% 2011–2012; Morsi: Muslim Brotherhood economic programme failing — inflation, forex crisis; Sisi: Gulf financial support ($23bn from UAE/Saudi/Kuwait 2013–2014); Suez Canal expansion as mega-project legitimacy; IMF programme 2016 ($12bn); pound devaluation -50% 2016; 2022 wheat crisis (Ukraine war) + currency crisis — IMF emergency $3bn; SCAF economy expanding under Sisi","Brotherhood support: 30–40% genuine base — not just Islamists; Rabaa massacre August 2013: 800+ killed in single day — worst mass killing in modern Egyptian history; liberals supporting Sisi coup initially then regretting; Coptic minority supporting Sisi vs Brotherhood; Sinai insurgency; #MeToo equivalent: Amal Fathy imprisoned for Facebook video about harassment","2013 coup: SCAF removing Morsi 1 year into term; 2014 constitution: restoring military political role; NSCE (National Security Council): military-dominated; 2019 constitutional amendments: Sisi term until 2030, military political guarantees; judiciary: compliant — mass trials (528 sentenced to death in one session); political parties: hollow","Morsi: Brotherhood winning 2012 — governing incompetently + overreaching (constitutional declaration); Tamarod (Rebel) movement: collecting 22m signatures requesting early election; June 30 2013: mass protests; July 3 2013: Sisi coup; 2014 presidential election: Sisi 97%; 2018: 97% again; 2023 COP27 diplomacy vs political prisoners; Al-Sisi: military field marshal to president","US: ambivalence — 'coup' language avoided to preserve aid; Saudi Arabia/UAE: financial support + strategic alignment; Israel: security cooperation (Sinai); Russia: S-300 purchase + nuclear plant (Dabaa); Ethiopia: GERD water dispute; Qatar: supporting Brotherhood → isolation 2017–2021; EU: migration cooperation overriding human rights","The most complete Arab Spring reversal — from revolution (Jan.25 2011) to Brotherhood democracy (June 2012) to military coup (July 2013) to full authoritarianism (2014+) in 3 years. Rabaa massacre: 800+ killed in 10 hours is the largest single-day killing of protesters in the modern dataset — yet Western response was muted due to strategic interests. The liberal intellectuals who supported the Sisi coup in 2013 then ended up in prison is a cautionary tale about tactical alliances with military against democratic opponents.","Tunisia Saied self-coup (65%)","Turkey 1980 military coup (60%)","Algeria 1992 cancelled election (62%)","Good","V-Dem 1952–2024; EIPR; HRW; Rabaa documentation (HRW report); mass trial records; TIMEP (Tahrir Institute)"
"LBN_COLLAPSE","Lebanon","Various confessional factions","1990–2026","MENA","Collapse","institutional_paralysis_failure","Medium","Live — failed state approaching","Ponzi banking system: BdL (central bank) financial engineering — 20% deposit interest rates unsustainable; August 2019: bank runs beginning; Oct.2019 revolution (thawra): WhatsApp tax triggering; August 4 2020: Beirut port explosion (218 dead, $15bn damage) — state negligence on display; currency lost 95% of value 2019–2023; 80% of population in poverty by 2021; banking sector collapse: deposits frozen","18 confessional communities under National Pact power-sharing (Maronite president, Sunni PM, Shia speaker); Hezbollah: state within state — army, social services, economy, foreign policy; Syrian refugees: 1.5m (25% of population) — largest per capita refugee burden; thawra 2019: cross-sectarian youth protest 'all of them means all of them'; brain drain accelerating post-explosion","Confessionalism: every state position allocated by sect — structural patronage; Parliament not meeting for years at a time; Presidency vacant 2022–2024 (29 months) — no consensus candidate; Central Bank governor Salamé: 30yr tenure, money laundering investigations; judicial independence: zero; Hezbollah veto on any government formation","Ta'if Agreement 1989 ending civil war: power-sharing formula creating permanent gridlock; Hariri assassination 2005: Cedar Revolution; Hezbollah entering government 2005; March 8 vs March 14 blocs; 2019 thawra: Hariri resignation; explosion government collapse; IMF negotiations repeatedly failing (Hezbollah blocking); Joseph Aoun elected president January 2025 — first breakthrough in years","Iran: Hezbollah patron — Revolutionary Guards training, weapons, financing; Saudi Arabia: Hariri family patron; US: Hezbollah designated FTO + sanctions; Israel: 2006 war + October 2024 war (Hezbollah degraded); France: historical Mandate relationship + Macron crisis management; IMF: programme negotiations failing due to political paralysis; Syria: Assad regime spillover","The only case in the dataset of democratic failure via pure institutional dysfunction rather than coup, consolidation, or collapse — nobody is trying to take over, the system simply cannot function. Consociational democracy reaching its logical endpoint: when sects cannot agree on anything, governance stops entirely. Hezbollah as a state-within-a-state that is simultaneously a political party, military, social service provider, and Iranian proxy — the most complex parallel state in the library. The Beirut explosion as a metaphor: the state's negligence literally exploded.","Yugoslavia dissolution (ethnic-sectarian paralysis, 52%)","Bosnia post-Dayton (58%)","Somalia state failure (35%)","Moderate","V-Dem 1943–2024; LCPS; The Legal Agenda; Daraj Media; BdL financial data; Beirut explosion investigation documents; UNHCR refugee data"
"MAR_MONARCHY","Morocco","Mohammed VI","1999–2026","MENA","Stable","managed_monarchy_reform","Medium","Live — managed liberalisation","Phosphate world's largest reserves (70%); agriculture + tourism + remittances (9% GDP); Mohammed VI: industrial upgrading strategy — Tangier automotive hub; 2011: $1bn social spending increase to absorb Arab Spring pressure; IMF precautionary line (PLL) as fiscal anchor; 2022 drought + energy import shock; African development hub strategy (Casablanca Finance City)","2011 February 20 Movement: Arab Spring Moroccan variant — 200,000 in streets; constitution revised (July 2011) as managed response; Rif protests 2016–17: Hirak movement, economic marginalisation — 50+ arrested; Sahrawi human rights as Western Sahara political variable; Islamist PJD winning 2011 + 2016 elections — then decimated 2021 under pressure","Palace (Makhzen) as real power — PM from elected parties but king controlling interior, foreign affairs, religion, security; PJD (Justice and Development — Islamist) governing 2011–2021: parliament with real legislation but king retaining veto; 2021 election: PJD losing 90% of seats under unexplained circumstances — electoral manipulation suspected; press freedom declining; CNDH (human rights council) advisory only","Hassan II authoritarian → Mohammed VI: modernising monarch; divorce reform, women's rights expansion — genuine liberalisation; 2011 constitution: PM from largest party (first time); Benkirane PJD PM 2011–2017: most independent government in history; 2021: PAM (king-aligned party) winning unexpectedly — political course correction; Abraham Accords: Morocco recognising Israel in exchange for US Western Sahara recognition","EU: association agreement + migration cooperation (Morocco as EU border management partner); Spain: Ceuta/Melilla as bilateral pressure points; Algeria: frozen border + Western Sahara rivalry; US: major non-NATO ally + Abraham Accords; France: primary investor + political patron; Western Sahara: 45yr unresolved conflict with Polisario/Algeria","The Arab Spring reform without regime change — Morocco as the case where managed constitutional reform successfully contained revolutionary pressure. The PJD (Islamist party) governing for 10 years within a monarchy is analytically significant: shows Islamist parties can govern pragmatically when given real (but bounded) power. The 2021 PJD decimation suggests the palace's tolerance of genuine Islamist governance has limits — the managed liberalisation model has a ceiling. Western Sahara as a frozen conflict creating permanent international legitimacy questions.","Jordan monarchy management (65%)","Singapore managed pluralism (58%)","Malaysia UMNO management (55%)","Good","V-Dem 1956–2024; GADEM (migration); Reporters Without Borders; HRW; Hirak trial documentation; CCDH"
"ISR_CRISIS","Israel","Netanyahu (return)","2022–2026","MENA","Resilience","institutional_resistance","High","Live — dual pressure (internal + war)","High-tech economy (startup nation): $30,000 GDP per capita; judicial reform announcement January 2023 → shekel -5% in one week, tech companies threatening relocation — markets pricing democratic risk; October 7 war: $50bn+ economic cost, tourism collapse, 100,000 displaced from north; war economy financing ($25bn supplementary budget); hostage deal economic uncertainty","Judicial reform protests 2023: largest in Israeli history — 300,000+ weekly for 9 months; reservists threatening not to serve (unprecedented); October 7 Hamas attack (1,200 killed, 250 hostages) transforming political landscape; Haredi exemption from military service as social contract fracture; Arab-Israeli citizens (20%) as complex political variable; settler violence in West Bank escalating","Supreme Court: striking down judicial reform law December 2023 (first time striking down Basic Law) — institutional resistance working; Knesset: Netanyahu coalition (Likud + Religious Zionism + ultra-Orthodox) with 64/120 seats — narrow; Attorney General: indicting sitting PM (Netanyahu on 3 counts) while he governs; Military: warning against judicial reform threatening operational capacity; State Comptroller: functioning","Netanyahu: longest-serving PM (cumulative) + criminal defendant governing simultaneously; Ben-Gvir (Otzma Yehudit) + Smotrich (Religious Zionism) as far-right coalition partners; judicial reform as coalition payment to ultra-Orthodox; October 7: intelligence failure + civilian massacre ending reform momentum; war cabinet dissolving; Gantz entering then leaving; hostage deal politics fracturing coalition","US: Biden strong support then pressure on Gaza casualties; Hamas: October 7 as political project destroying Israeli-Arab normalisation (Abraham Accords); Iran: October 7 funder/planner; Hezbollah: northern front + 2024 war; ICC arrest warrant for Netanyahu and Gallant — new accountability mechanism; ICJ: South Africa genocide case; Saudi normalisation: paused","A consolidated democracy facing simultaneous internal (judicial coup attempt) and external (October 7 war) crises — no other case in the dataset shows both at once. The Supreme Court striking down a constitutional Basic Law is unprecedented in Israeli constitutional history — the court claiming authority to review laws it previously said were unreviewable. Reservists threatening not to serve as a democratic protest mechanism — soldiers as democratic veto players — is genuinely new. Netanyahu as criminal defendant governing a war is analytically unique: personal legal interest affecting national security decisions.","Brazil Bolsonaro stress-test (58%)","Poland PiS judicial attack (55%)","Turkey Erdoğan judicial capture (50%)","Good","V-Dem 1948–2024; Israel Democracy Index (IDI); Haaretz; Movement for Quality Government; Supreme Court December 2023 ruling; ICC warrant documentation"
"TUN_SAIED","Tunisia","Saied","2019–2026","MENA","Collapse","failed_transition","High","Completed reversal — Saied consolidated","Ben Ali economy: crony capitalism (Trabelsi family) + genuine growth 5%; post-revolution: political instability costing 2% GDP annually; IMF programme negotiations: UGTT opposing austerity; youth unemployment 35%+ — democracy failing to deliver; tourism collapse (Sousse attack 2015: 38 tourists killed); 2022: IMF programme suspended — government refusing conditionality; debt crisis: $3.5bn needed","2010–11 Mohamed Bouazizi self-immolation as revolution trigger; National Dialogue Quartet (UGTT + employers + lawyers + human rights) winning Nobel Peace Prize 2015 — civil society saving democracy; Ennahda-Nidaa Tounes polarisation; political assassinations (Brahmi, Belaid 2013) creating crisis moments; sub-Saharan African migrants as Saied scapegoat 2023 (conspiracy theory)","2014 constitution: best in Arab world; ISIE (electoral commission) gradually captured; HAICA (media regulator) stripped of independence; Saied July 25 2021: suspending parliament, assuming emergency powers (Article 80); 2022 constitution: presidential system concentrating all power; constitutional referendum: 30% turnout — lowest legitimacy mandate in dataset; all independent constitutional bodies dissolved","Ennahda governing 2011–2019: Islamist moderation + coalition governance; Nidaa Tounes 2014: secular nationalist winning; coalition governments rotating — 9 governments in 10 years; Saied 2019: constitutional law professor outsider winning 73%; July 2021 self-coup using his own constitutional interpretation; opposition imprisoned; Rached Ghannouchi (Ennahda) arrested 2023 — 82yr old politician","EU: association agreement + migration partnership — human rights concerns noted but not acted on; IMF: programme suspended (government refusing conditions); France: historical relationship + equivocal response to coup; US: 'deep concern' without consequences; Qatar: Ennahda support; Saudi/UAE: supporting Saied as anti-Brotherhood; UGTT: losing leverage post-coup","The only Arab Spring democracy to fully reverse — making this the single most important MENA case. The Nobel Peace Prize awarded to the National Dialogue Quartet in 2015 then failing to prevent the 2021 coup demonstrates that civil society mediation has limits when economic conditions don't improve. Saied's self-coup is the most legally sophisticated authoritarian takeover in the dataset — using his own constitutional interpretation, never declaring a coup, maintaining legalistic framing throughout. The 30% constitutional referendum turnout is a new low for manufactured consent.","Egypt Sisi coup (68%)","France 4th Republic self-coup variant (45%)","Peru Fujimori autogolpe (60%)","Good","V-Dem 1956–2024; Al Bawsala parliamentary monitoring; HRW; Amnesty International; ISIE data; Nobel Committee documentation; UGTT records"
"IRQ_TRANSITION","Iraq (post-2003)","Various (INA/INC/SoL/Sadrists)","2003–2026","MENA","Transition","externally_imposed_transition","Medium","Partial democracy — fragile","Oil wealth (Iraq 5th largest reserves) distributed via patronage muhasasa system; reconstruction: $500bn+ spent, results poor; ISIS occupation 2014–2017 destroying Mosul economy; 2019 Tishreen protests: youth demanding jobs + services; PMF (Iran-backed militias) controlling parallel economy; 2020: oil price crash → -12% GDP; electricity 8hrs/day despite oil wealth — governance failure","Muhasasa ta'ifia: ethnic-sectarian power-sharing (Shia PM + Kurdish president + Sunni speaker); displacement: 6m+ from ISIS conflict; Tishreen 2019: largest youth protest in Iraqi history (600+ killed) — cross-sectarian, demanding system change; Yazidi genocide by ISIS (2014): 5,000+ killed, 7,000+ enslaved; brain drain: 50%+ of educated Iraqis emigrated","CPA (Coalition Provisional Authority): de-Baathification creating power vacuum; TAL → 2005 constitution: federal consociational system; Independent High Electoral Commission: improving but compromised; Federal Supreme Court: some genuine rulings; PMF (Popular Mobilisation Forces): Iran-backed militias institutionalised into state security — parallel military; Kurdish Region (KRG) as semi-autonomous entity","Bremer dissolving Iraqi army 2003 — creating insurgency; 2005–2006 sectarian civil war; Surge 2007 reducing violence; Maliki (2006–2014): Shia dominance + de-facto authoritarian; ISIS 2014: state collapse in 1/3 of territory; Abadi managing ISIS defeat; 2019 Tishreen: Adel Abdul-Mahdi resigned; Kadhimi: reform attempt; Sudani 2022: Sadrist crisis (Muqtada al-Sadr withdrawing) — 30 killed in Green Zone","US: 2003 invasion + occupation + $2 trillion cost + 4,500 soldiers killed; Iran: dominant influence via PMF + political parties + economic ties; Saudi Arabia: Sunni constituency support; Turkey: PKK operations in Kurdistan; ISIS: external jihadist project; Kuwait: war reparations completed 2022; UN: UNAMI mission","The only case in the dataset of democracy imposed by external military invasion — making it the purest test of whether democracy can be externally installed without domestic consolidation capacity. Answer after 20 years: partial, fragile, deeply patronage-based. The PMF (Iran-backed militias) institutionalised into the state security structure while retaining loyalty to Tehran is a new type of parallel state — not civilian (Hezbollah model) but nominally state military with external command. Tishreen 2019 as cross-sectarian youth movement demands accountability from a system designed to prevent it.","Cambodia UNTAC failure (60%)","Afghanistan (55%)","Lebanon consociational paralysis (52%)","Moderate","V-Dem 2003–2024; UNAMI human rights reports; Tishreen documentation (HRW); IHEC election data; expert survey quality limited by security constraints"
"USA_TRUMP1","USA (Trump first term)","Trump","2017–2021","North America","Resilience","institutional_resistance","High","Completed — institutions held","2017 tax cuts: corporate rate 35%→21%, deficit-financed; trade war with China (tariffs on $360bn goods); pre-COVID economy strong (3.5% unemployment); COVID-19: -3.4% GDP 2020 — largest since 1946; $2.2 trillion CARES Act; stock market recovery masking K-shaped recovery; Fed independence pressured but maintained","Charlottesville 2017: 'very fine people on both sides' — norm erosion signal; family separation at border (2,800+ children); BLM protests 2020 (largest in US history — 15–26 million); COVID politicisation: mask wearing as identity marker; January 6 2021: Capitol insurrection (140 officers injured); social media as primary political battleground","Mueller investigation: obstruction documented, not prosecuted; impeachment 1 (Ukraine): acquitted by Senate; impeachment 2 (January 6): acquitted by Senate; Supreme Court: 3 appointments (Gorsuch, Kavanaugh, Barrett) reshaping for generation; DOJ: Barr reducing independence; FBI: Comey firing; courts repeatedly blocking executive orders (travel ban, DACA)","Emoluments clause violations documented but not enforced; norm erosion without institutional collapse; January 6: Trump inciting crowd, Pence refusing to block certification, Pelosi calling Milley; Milley calling Chinese counterpart; 2020 election: 60+ court cases lost, AG Barr confirming no fraud, state officials resisting pressure; transition: most contested peaceful transfer in US history","NATO: Article 5 commitment questioned; Paris Agreement withdrawal; WHO withdrawal; Iran nuclear deal (JCPOA) abandoned; North Korea: 'fire and fury' then summits; China: trade war + COVID blame; allies: Macron, Merkel, May all strained; Russia: Helsinki summit ('I don't see why it would be Russia')","The most powerful democracy in the world stress-tested from within by its own president — no historical parallel at this scale. The courts, states, and individual officials (Pence, Raffensperger, Rusty Bowers) holding at specific moments prevented institutional collapse. January 6 as the first violent assault on the US Capitol since 1814 (British burning). The 60+ failed court cases demonstrate judicial independence functioning under pressure. Milley's China call — a general taking unilateral action to prevent a president he feared might launch war — is constitutionally unprecedented.","Brazil Bolsonaro stress-test (65%)","South Korea Yoon 2024 (60%)","Israel Netanyahu judicial reform (58%)","Excellent","V-Dem 1789–2024; January 6 Committee report (845 pages); Mueller Report; Senate impeachment records; court case database; Milley biography"
"USA_TRUMP2","USA (Trump second term)","Trump","2025–2026","North America","Consolidation","gradual_legal_consolidation","High","Live — early stage 2025","Tariff escalation: 25% on Canada/Mexico, 145% on China — largest trade war in US history; reciprocal tariffs on 90+ countries then 90-day pause; bond market turbulence (10yr yield spike) constraining fiscal policy; DOGE (Elon Musk): $1 trillion spending cuts target — federal workforce reduction; inflation re-emergence risk; dollar reserve currency status questioned by allies","DOGE federal workforce reductions: 200,000+ federal employees targeted; DEI programme eliminations across federal government; immigration: mass deportation operations, National Guard deployment; media: White House press corps restructured, AP and others excluded; universities: federal funding threats over DEI/Palestine speech; executive order flood: 100+ in first 100 days","DOJ: Kash Patel as FBI director — political loyalist; independent agencies: FTC/FCC/CFPB leadership replaced with loyalists; courts: blocking executive orders repeatedly (birthright citizenship, deportations); Senate: confirming unprecedented recess appointments; DOGE operating without statutory authority — courts split; military: loyalty tests in senior appointments; civil service: Schedule F reclassifying 50,000+ positions","2024 election: Trump 312 electoral votes, 49.8% popular vote — stronger mandate than 2016; Republican congressional trifecta enabling legislative consolidation; Vance as ideologically committed VP (unlike Pence); loyalists in all cabinet positions — no 'adults in the room'; Project 2025 as governance blueprint; second term with less institutional resistance (experienced staff replaced with loyalists)","Ukraine: aid conditional, Zelensky 'Oval Office ambush' February 2025; NATO: 5% GDP demand + European strategic autonomy acceleration; Greenland/Canada/Panama Canal as territorial ambitions; China: trade war + Taiwan ambiguity; Israel: Gaza ceasefire deal + West Bank annexation green light; Saudi Arabia: $600bn investment deal; Europe: retaliatory tariffs","Most consequential live case in the entire dataset — the most powerful democracy attempting consolidation in real time. The Schedule F reclassification (converting 50,000 civil servants from protected to at-will) is the single most significant attack on bureaucratic independence in US history. DOGE as an unelected parallel executive structure (Musk without Senate confirmation) operating across all agencies is genuinely new. The courts are holding (100+ orders blocked) but executive non-compliance with specific rulings is emerging. Whether this becomes Hungary or remains within democratic bounds is the defining prediction question of 2025–2026.","Hungary Orbán year 1–2 (55%)","Turkey Erdoğan early consolidation (48%)","USA Trump 1 (own prior phase — 70%)","Excellent — live","V-Dem 2025 data pending; court order tracker (Just Security); DOGE tracker; executive order database; real-time data as of March 2026"
"CAN_CONTROL","Canada","Trudeau → Carney","1982–2026","North America","Control","control_stable_democracy","Medium","Control — Trump pressure stress test","Resource economy (oil sands, timber, wheat) + services; 1988 FTA then NAFTA deeply integrating with US; 2008 crisis: better managed than US (banking regulation); Trudeau deficits: fiscal stimulus without austerity; housing crisis: affordability collapse in Toronto/Vancouver creating political discontent; 2025: 25% US tariffs as existential economic threat — Canada 75% of exports go to US","Multicultural policy (1971) as state identity — immigration 400,000+/year; Quebec language laws as managed diversity; Indigenous reconciliation: Truth and Reconciliation Commission 2015 — 94 calls to action; Freedom Convoy 2022: anti-vaccine mandate occupation of Ottawa — Emergencies Act invoked; Islamophobia incidents; anti-Asian racism post-COVID","Charter of Rights and Freedoms 1982: constitutional rights culture; Supreme Court of Canada: genuinely independent; Elections Canada: trusted electoral administration; CBC/Radio-Canada as public broadcaster; Bank of Canada: independence maintained; 2022 Emergencies Act: invoked for Freedom Convoy — courts later ruling it unjustified but democracy survived","Trudeau 2015: progressive wave; SNC-Lavalin affair 2019: AG Wilson-Raybould resigning — accountability functioning; WE Charity scandal; 2021 unnecessary election; Trudeau resignation January 2025; Carney (ex-Bank of Canada/England governor) winning Liberal leadership; 2025 election context: Trump tariff threat as unifying external pressure; NDP-Liberal supply-and-confidence agreement as coalition variant","US: 25% tariffs 2025 as most severe bilateral crisis since 1812; 'Make Canada the 51st state' rhetoric from Trump — sovereignty question; CUSMA/USMCA renegotiation; Five Eyes intelligence partnership; NATO 2% commitment pressure; China: Huawei + Meng Wanzhou extradition; India: Hardeep Singh Nijjar assassination on Canadian soil (attributed to India) — diplomatic crisis","Canada as the democracy most directly threatened by US second-term consolidation — 25% tariffs on 75% of exports is an economic weapon without historical parallel between allies. The Nijjar assassination case (India allegedly killing a Canadian citizen on Canadian soil) is the first case of a democratic ally conducting an assassination on another democracy's territory — new norm violation. Freedom Convoy as the first successful occupation of a capital city by anti-government protesters in a G7 democracy — resolved via Emergencies Act without violence.","Mexico FTA dependency on US (60%)","Finland Finlandisation (external pressure on democracy, 45%)","Australia US alliance stress (40%)","Excellent","V-Dem 1867–2024; Elections Canada; Supreme Court records; Emergencies Act public inquiry (Rouleau Commission); Nijjar case RCMP documentation"
"PRT_CARNATION","Portugal (Carnation Revolution)","Caetano → Spinola → Soares → Eanes","1974–1982","Europe","Transition","military_initiated_liberalisation","High","Completed — model transition","Estado Novo economy: protected corporatist sectors + colonial resource extraction; 1973 oil crisis hitting Portugal hard; decolonisation cost: 1m retornados (colonial returnees) to absorb; 1977 IMF programme as economic anchor for transition; 1986 EU membership completing integration; inflation 20%+ during transition managed without democratic collapse","Retornados: 1 million Portuguese returning from Angola/Mozambique — rapid demographic and political integration challenge; PREC (Ongoing Revolutionary Process): far-left attempting Cuban-style revolution 1974–75; farmers occupying land in Alentejo; Catholic Church as conservative social anchor vs revolutionary left; MFA (military) as contradictory force: enabling democracy while threatening it","MFA (Armed Forces Movement): captains' coup April 25 1974 — ending 48yr Estado Novo; Council of the Revolution as military oversight body (disbanded 1982); Constituent Assembly: elected 1975, drafting constitution; 1976 constitution: socialist elements + democratic framework; 1982 constitutional revision removing Council of Revolution — completing civilian consolidation; Constitutional Court established","Spinola: conservative general enabling revolution then attempting counter-coup (March 1975) — failing; PREC 1975: Communist Party + radical MFA attempting socialist consolidation; November 25 1975: moderate military coup ending radical phase; Soares (Socialist Party) as democratic anchor; 1976 Eanes election: military president supporting democracy; 1986: Soares first civilian president — consolidation complete","NATO: Portugal as member — alliance providing external legitimacy for democratic transition; EU accession 1986 as economic anchor; Spain: parallel transition creating regional democratic zone; US: concerned about Communist influence, supporting moderate forces; Angola/Mozambique decolonisation: military defeat as context for coup","The only case of a military coup explicitly launching democratic transition — the coup was for democracy, not against it. The PREC (1974–75) is the only case in Western Europe of a serious Communist-revolutionary challenge to democratic consolidation in the postwar period — Portugal came closer to a Cuban outcome than any NATO member. Carnation Revolution as a model: flowers in gun barrels, no shots fired, peaceful — the aesthetic of democratic revolution. The parallel with Spain (Franco dying 1975) creating a democratic wave across the Iberian Peninsula.","Greece Karamanlis transition (70%)","Argentina military transition (58%)","Spain post-Franco (72%)","Excellent","V-Dem 1900–2024; ICS (Institute of Social Sciences Lisbon); Arquivo Nacional Torre do Tombo; PREC documentation extensive; MFA records"
"AUT_DOLLFUSS","Austria (Dollfuß / Austrofascism)","Dollfuß → Schuschnigg","1932–1938","Europe","Collapse","rapid_collapse","High","Completed — Anschluss ending","Great Depression: 25% unemployment; Vienna socialised housing model (Red Vienna) as working class mobilisation base; agrarian vs industrial economic divide; reparations burden lighter than Germany but significant; Creditanstalt bank collapse 1931 — Austria triggering European banking crisis; autarky attempts under Dollfuß failing","Heimwehr (fascist paramilitaries) vs Schutzbund (Socialist paramilitaries) — street violence normalised; Red Vienna: SDAP governing Vienna with genuine social programmes (Karl Marx Hof); Catholic conservative rural Austria vs Socialist urban Vienna as fundamental divide; Austrian identity question: German nation or separate state? — unresolved until 1945","Parliament: unable to function by 1933 (procedural crisis used as pretext); Dollfuß ruling by emergency decree (War Economy Enabling Act 1917) — using WWI law; February 1934 civil war: army crushing Schutzbund in 4 days; 1934 constitution: Fatherland Front single party + corporate state; Nazi putsch attempt July 1934: Dollfuß assassinated; Schuschnigg attempting to maintain independence until Anschluss 1938","SDAP (Socialists) vs CSCP (Christian Socials) vs Heimwehr vs Austrian Nazis — four-way fragmentation; Dollfuß: smallest chancellor in history (4ft11) with outsized authoritarian ambitions; Italian backing (Mussolini) enabling Dollfuß initially; 1938: Hitler demanding capitulation, Schuschnigg calling referendum (cancelled under German pressure), Anschluss March 12 1938","Germany: Nazi pressure increasing throughout; Italy: Mussolini supporting Austrian independence initially (Stresa Front) then switching after Ethiopia war; France/UK: appeasement preventing support for Austria; League of Nations: ineffective; February 1934 intervention by army against Socialists losing international legitimacy","Parallel to Weimar but different mechanism — Dollfuß used emergency powers to create Austrofascism as a defence against Nazism, not to enable it. The only case of authoritarian consolidation explicitly justified as preventing a worse authoritarianism — and failing. February 1934 civil war: the only case of a Western European government using artillery against its own working class housing estates in peacetime. Anschluss as external collapse — Austria's democratic failure was consumed by a larger external authoritarian project.","Weimar Germany (70%)","Spain Republic polarisation (65%)","Hungary 1919 Horthy (55%)","Good","V-Dem 1918–2024; DÖW (Documentation Centre of Austrian Resistance); ÖNB historical archives; February 1934 civil war documentation; Anschluss records"
"FRA_5TH","France (5th Republic stress)","Macron → future","2017–2026","Europe","Control","control_stable_democracy","Medium","Control — stressed","Macron: labour market reform (loi travail) triggering gilets jaunes; pension reform 2023: raising retirement age 62→64 — largest protests since 1968; deindustrialisation creating peripheral France (Christophe Guilluy analysis); COVID recovery strong; fiscal deficit consistently above 3% Maastricht; energy crisis 2022 (nuclear fleet maintenance failures); 2024 snap election fiscal uncertainty","Gilets jaunes 2018–2019: peripheral France vs Paris elites — new social fracture; 2023 pension protests: CFDT + CGT united (rare); Charlie Hebdo + Bataclan + Nice as Islam-France tension markers; laïcité as contested value (abaya ban, headscarf debate); banlieue riots 2023 (Nahel Merzouk killing by police); RN (Le Pen) at 37% in 2024 European elections","Fifth Republic: strong executive (semi-presidential) designed by de Gaulle for one man — holding under Macron; Constitutional Council: ruling on pension reform procedural questions; Senate: conservative counterweight; 49.3 constitutional provision: government pushing legislation without vote (used 11 times in one session) — technically legal but delegitimising; Assemblée Nationale: hung parliament post-2024 snap election","Macron: En Marche destroying traditional parties (PS, UMP/LR) — creative destruction of party system; 2022: re-elected against Le Pen; June 2024: RN leading European elections → Macron dissolving Assemblée → RN winning first round → left coalition (NFP) winning most seats → hung parliament; Barnier PM then no-confidence vote (December 2024) — fourth PM in two years; Le Pen trial: convicted of embezzlement, banned from office 5 years","EU: France as co-leader with Germany; Ukraine: Macron proposing European troops; NATO: strategic autonomy doctrine; Trump tariffs: France as target; Algeria/Morocco: post-colonial relationships; Sahel: French military withdrawal (Mali, Burkina, Niger); Africa policy: Françafrique ending","The Fifth Republic was designed for strong executive action — Macron using every constitutional tool available (49.3, dissolution) is legally correct but delegitimising at a moment of social fracture. The RN (Marine Le Pen's party) at 37% in European elections is the highest far-right support in France since Vichy — yet functioning within democratic institutions, unlike 1930s equivalents. Le Pen's electoral ban (5 years for embezzlement) while leading in polls creates a new democratic tension: most popular politician legally barred from running.","France 4th Republic fragmentation (55%)","Italy coalition instability (50%)","Germany AfD rise (48%)","Excellent","V-Dem 1789–2024; CEVIPOF; IFOP; Constitutional Council decisions; 49.3 usage tracker; RN trial documentation"
"NLD_WILDERS","Netherlands","Wilders coalition","2023–2026","Europe","Control","control_stable_democracy","Medium","Control — populist governing within institutions","Export-oriented open economy (Rotterdam port, Schiphol, financial services); nitrogen crisis: courts ordering farm reduction — agricultural sector political mobilisation (BoerBurgerBeweging); housing shortage: 400,000 unit deficit creating youth discontent; Wilders coalition: lower taxes + reduced migration as economic promises; pension reform completed 2023; strong fiscal position (debt 49% GDP)","Zwarte Piet debate as integration culture war; Amsterdam pogrom November 2024: Maccabi Tel Aviv fans attacked — antisemitism + soccer violence convergence; migration: 50,000+ asylum seekers/yr as political flashpoint; Groningen gas extraction earthquakes: 150,000 damaged homes — government liability; nitrogen crisis: farmers blocking highways with tractors; secularisation complete (30% religious)","Formateur/informateur system: coalition negotiations taking 7 months (2021 record); Eerste Kamer (Senate) as BoerBurgerBeweging/Senate majority complicating Wilders; Council of State: constitutional review body; courts: striking down nitrogen policy + COVID curfew; Wilders: forming coalition with VVD/NSC/BBB while moderating most radical proposals; constitution does not have 'unconstitutional party' mechanism","Wilders: 15yr building PVV from 1-man party to largest (November 2023 election — 37 seats); programme: 'de-Islamisation', Netherlands leaving EU — moderated in coalition negotiations; Dick Schoof PM (not Wilders — coalition compromise); Wilders governing while being investigated for hate speech (2016 conviction upheld 2023); Amsterdam pogrom creating acute test of Jewish safety under populist government","EU: Wilders anti-EU rhetoric vs governing within EU; NATO: committed member; Israel: Wilders strongest pro-Israel voice in European politics (Amsterdam pogrom test); Germany: energy + supply chain interdependence; US Trump: ideological alignment; Morocco/Turkey: diaspora communities creating bilateral tensions","The most important Western European test case for whether populist radical-right parties can govern within democratic institutions without dismantling them. Wilders moderating his programme (dropping EU exit, Quran ban) to enter coalition — pragmatic adaptation or Trojan horse? The Amsterdam pogrom (November 2024) creates an acute test: a government with strong pro-Israel rhetoric presiding over antisemitic violence on its streets. Dutch coalition system (7-month negotiations) as institutional friction slowing populist implementation.","Italy Meloni governing within institutions (62%)","Sweden Democrats supporting government (58%)","Austria FPÖ coalition 2000 (55%)","Excellent","V-Dem 1900–2024; Kiesraad election data; Eerste Kamer records; Amsterdam pogrom police documentation; Wilders trial records; coalition agreement text"
"PRK_UNIQUE","North Korea","Kim Il-sung → Kim Jong-il → Kim Jong-un","1948–2026","Asia-Pacific","Unique","edge_hereditary_totalitarianism","Low","Edge case — model boundary","Juche self-reliance ideology: autarky by design; 1990s famine (Arduous March): 300,000–800,000 dead — state cannot provide basic food; nuclear programme consuming 25%+ of GDP; Jangmadang (market) emergence: bottom-up capitalism the state cannot suppress; Kim Jong-un: SEZs + tourism attempts; sanctions: comprehensive but circumvented via China; elite economy (Pyongyang) vs mass poverty","Songbun system: hereditary class classification (51 categories) determining life opportunities; juche ideology as state religion + Kim family as divine; Total information control: no internet, radio receivers fixed frequency; 2011 Kim Jong-il death: genuine mass grief (or performance) — indistinguishable; 200,000 in political prison camps (Camp 22, Camp 16); defectors: 34,000 reached South Korea","Suryong (supreme leader) system: no institutional check on Kim family; Korean Workers Party: transmission belt not independent actor; Cabinet: implementing not deciding; Military-First (Songun) policy: KPA as regime backbone; State Security Department: surveillance and purge mechanism; Politburo: members executed including Kim's uncle (Jang Song-thaek 2013) and half-brother (Kim Jong-nam 2017 nerve agent)","Three-generation hereditary succession — unique in Communist history; Kim Jong-un: Swiss-educated, executing senior officials including family members; 2022–2023: accelerated missile testing (100+ launches); daughter Kim Ju-ae appearing at military events — fourth generation succession signalling?; South Korea leaflet balloons + K-pop as information warfare; 2024: constitution revision declaring South Korea as 'primary hostile state'","China: essential lifeline (90% of trade) + strategic buffer — enabling regime survival; South Korea: Sunshine Policy (1998–2008) providing economic benefits + legitimacy; US: CVID demand + sanctions + military exercises; Russia: 2024 military cooperation (artillery + troops for Ukraine); Japan: abductee issue; IAEA: expelled 2009","Complete model boundary case — the DSI framework cannot be applied because there was never a democratic starting point to measure regression from. Hereditary totalitarianism is a path type without any other modern example. The Jangmadang (market) emergence is analytically interesting: bottom-up capitalism creating a parallel economy the totalitarian state cannot fully suppress — potential future liberalisation driver. Kim Jong-nam VX nerve agent assassination (2017) in Kuala Lumpur airport is the most spectacular extraterritorial killing in the dataset.","No meaningful match — model boundary","Cuba revolutionary consolidation (partial, 25%)","Stalin's USSR (historical, 35%)","Minimal","V-Dem data extremely limited — expert surveys based on defector accounts and satellite imagery; Database Center for North Korean Human Rights; RAND DPRK studies; NK News; Jangmadang documentation via defector interviews"
"SOM_UNIQUE","Somalia","Various warlords / TFG / FGS / Al-Shabaab","1991–2026","Africa","Unique","edge_state_failure","Low","Edge case — state absence","State collapse 1991: formal economy destroyed; Hawala remittance system ($1.3bn/yr) as substitute financial infrastructure — functioning without central bank; piracy 2008–2012: $400m/yr peak — taxing global shipping; Al-Shabaab taxation in controlled areas; xeer (customary law) governing commerce in absence of state; Puntland/Somaliland developing semi-functional economies; mobile money (Hormuud Telesom) as modern economy in stateless context","Clan system (Darod, Hawiye, Dir, Digil-Mirifle) as primary social organisation replacing state; 1991–2000: warlord period — clan militia competition; Al-Shabaab: imposing harsh Islamic law as order substitute in absence of state; Somaliland: breakaway region with functioning democracy (unrecognised); 650,000 displaced within Somalia; drought cycles creating recurring famine; qat (stimulant) economy as social lubricant","TFG (Transitional Federal Government) 2004: externally created, never controlling Mogadishu; AMISOM/ATMIS: African Union mission providing security for government; Villa Somalia (presidential palace) controlling only parts of Mogadishu; IGAD-mediated political processes; 4.5 formula: clan power-sharing for political appointments; Somaliland: functioning institutions without international recognition; Puntland: semi-autonomous","Siad Barre regime collapse January 1991: instantaneous state failure; Black Hawk Down 1993: US intervention failure — shaping US policy for decades; Islamic Courts Union 2006: briefly imposing order before Ethiopian invasion; Al-Shabaab emerging from ICU defeat; Hassan Sheikh Mohamud: two terms (2012–17, 2022–present) — elected by parliament not directly; 'one person one vote' election repeatedly postponed","Ethiopia: interventions (2006, ongoing) — regional hegemon + border interest; Kenya: AMISOM contributor + buffer zone (Jubaland); UAE: DP World Berbera port investment in Somaliland; Turkey: military training + Mogadishu port; US: drone strikes (400+) + AFRICOM; China: Belt and Road interest; UN: arms embargo (partially lifted 2023)","The only complete state failure in the dataset — not democratic backsliding but the absence of any state to backslide from. Analytically important as the boundary condition for what the DSI cannot measure. Somaliland (unrecognised democratic state) within failed Somalia is the most interesting positive anomaly: functioning democracy with elections, courts, and peaceful transfers in a territory that doesn't officially exist. Xeer (customary clan law) as governance substitute — pre-state order re-emerging to fill post-state vacuum.","No meaningful match — model boundary","Libya post-Gaddafi fragmentation (35%)","DRC post-Mobutu (30%)","Minimal","V-Dem 1960–1991 (pre-collapse); Somaliland: separate V-Dem coding attempted; Heritage Institute Mogadishu; Somaliland Centre for Peace and Development; UN Monitoring Group reports"
"ZAF_APARTHEID","Apartheid South Africa","Verwoerd → Vorster → Botha → de Klerk","1948–1990","Africa","Unique","edge_racial_democracy","Low","Completed — definition boundary case","Racial Keynesianism: welfare state for whites, labour exploitation for blacks; apartheid economy growing 5–6% 1960–1970 — prosperity for 20%; Soweto uprising 1976 costs + international sanctions eroding growth; 1980s: disinvestment campaign (Chase Manhattan refusing to roll loans 1985) as economic turning point; PW Botha: 'adapt or die' — reform under economic pressure; Rubicon speech 1985: markets crashing when reform promised then not delivered","Population Registration Act: racial classification at birth; Group Areas Act: forced removals (3.5m people); Bantustan policy: 10 'homelands' stripping citizenship; Separate Amenities Act: apartheid infrastructure; Biko death 1977: Black Consciousness movement martyrdom; UDF (United Democratic Front) 1983: ANC internal network; Mandela imprisoned 27 years as global symbol; necklacing: community justice violence","Parliament: functioning Westminster democracy for white voters only; Tricameral Parliament 1984: including Coloureds and Indians, excluding Blacks — triggering township revolt; National Party internal discipline: verligte vs verkrampte (reform vs hardline) factions; security apparatus: SADF, SAP, NIS, CCB (Civil Cooperation Bureau) assassinations; TRC (Truth and Reconciliation Commission) post-apartheid — amnesty for truth model","Sharpeville massacre 1960: ANC/PAC banned — armed struggle beginning (Umkhonto we Sizwe); Vorster: 'détente' policy; PW Botha: security state + limited reform; de Klerk: February 2 1990 speech unbanning ANC + releasing Mandela — most consequential single political speech in African history; CODESA negotiations 1991–1993; April 27 1994: first democratic election","UN: mandatory arms embargo 1977; Commonwealth: Thatcher resisting sanctions vs majority; US: Comprehensive Anti-Apartheid Act 1986 (overriding Reagan veto); Soviet Union: ANC/SACP support; Cuba: Angola intervention creating regional context; IMF: loans to apartheid government until 1983; disinvestment campaign: Sullivan Principles","Definition boundary case for democracy — apartheid South Africa was a functioning Westminster parliament for 20% of the population. Raises the fundamental question: can a state be simultaneously democratic (for some) and totalitarian (for others)? The TRC (Truth and Reconciliation Commission) model — amnesty for full disclosure — is the most influential transitional justice innovation in the dataset, exported to 40+ countries. De Klerk's February 2 1990 speech is analytically unique: a ruling party's leader voluntarily transferring power to the movement that sought to overthrow it.","Rhodesia/Zimbabwe transition (60%)","Israel Arab minority citizenship (partial, 30%)","US Jim Crow era (historical parallel, 35%)","Good","V-Dem 1900–2024 (coded as partial democracy); TRC Final Report (5 volumes); South African History Archive; SAIRR; O'Malley Archive"
"EU_ACTOR","European Union (as institutional actor)","Commission / Council / Parliament","2010–2026","Europe","Unique","edge_supranational_constraint","Medium","Live — effectiveness contested","Eurozone crisis 2010–2015: Greece (-27% GDP), Portugal, Ireland, Spain bailouts — conditionality as sovereignty transfer; Banking Union + ESM as institutional responses; Rule of Law conditionality (2021): linking structural funds to democratic standards; Hungary: €30bn+ frozen over rule of law; Poland: funds frozen then released post-Tusk; NextGenerationEU: €750bn as geopolitical tool; enlargement economics: Ukraine/Moldova accession costs estimated €100bn+","Freedom of movement as core EU identity benefit; democratic backsliding in Hungary/Poland creating 'two-speed democracy' within single market; refugee crisis 2015: Schengen stressed; Brexit: democracy choosing to leave democratic club — unique; European identity vs national identity tension; climate policy as generational political divide across member states","Article 7 TEU: 'nuclear option' — requires unanimity, never successfully used; Rule of Law framework: pre-Article 7 monitoring, also ineffective; Court of Justice (CJEU): rulings on Polish judicial independence — effective when compliance enforced; European Parliament: limited powers but growing; Commission: initiating infringement proceedings; 2021 Rule of Law Conditionality Regulation: linking funds to rule of law — first effective tool","Commission vs Council tension: technocratic vs intergovernmental; Orbán using unanimity requirements to block Ukraine aid, sanctions; Qualified Majority Voting expansion debate; French-German axis weakening; enlargement: Ukraine application 2022 changing EU's strategic character; Article 50 (Brexit) invocation and negotiation — exit clause actually used","NATO: complementary security architecture; US: Trump threatening NATO + tariffs testing EU cohesion; China: strategic partner vs systemic rival; Russia: Ukraine war as existential threat to European order; UK post-Brexit: new relationship; Turkey: candidate country + Erdoğan complication; Western Balkans: frozen enlargement + Russian/Chinese influence","Not a country — a meta-case for how supranational institutions affect democratic trajectories of member states. The EU's fundamental tension: designed to lock in democracy (Copenhagen criteria for entry) but lacking effective tools to maintain it once inside (Article 7 unanimity problem). The Rule of Law conditionality (linking funds to democratic standards) is the first effective leverage mechanism — but came 10 years too late for Hungary. The EU as both constraint on Hungary/Poland backsliding AND as Orbán's scapegoat is the central analytical paradox. Brexit demonstrates that even consolidated democracies can vote to leave democratic supranational structures.","No direct match — sui generis institution","ECOWAS as African equivalent (partial, 35%)","Council of Europe (partial predecessor, 40%)","N/A — not a country","European Commission Rule of Law Reports; CJEU rulings database; Article 7 proceedings documentation; Rule of Law Conditionality decisions; Zielonka, Krastev academic literature"
"CHE_EDGE","Switzerland","Federal Council (collective)","1848–2026","Europe","Unique","edge_direct_democracy","Low","Edge case — no path match","Neutral financial hub — banking secrecy → FATCA compliance → automatic exchange; watch/pharma/precision industry; no EU membership but bilateral agreements (7 packages collapsed 2021); CHF as safe haven — permanently overvalued; wealth management: $2.4 trillion AUM; healthcare spending highest in Europe; housing costs: Zurich most expensive city globally; SVB-Credit Suisse 2023: emergency UBS merger — too big to fail","Four linguistic communities (German 63%, French 23%, Italian 8%, Romansh 1%) managed via federalism and concordance; Konkordanz: consensus culture across party lines in Federal Council; direct democracy: 4 nationwide votes per year average; SVP (Swiss People's Party) largest party since 1999 — nativist/Eurosceptic but governing within magic formula; minarets initiative 2009 passed (57.5%) — direct democracy restricting minority rights","Federal Council: 7-member collective executive, magic formula (CVP/FDP/SP/SVP) — no prime minister, no opposition; Nationalrat + Ständerat bicameralism; mandatory referendum for constitutional changes; optional referendum for legislation (50,000 signatures); popular initiative for constitutional amendment (100,000 signatures); cantonal sovereignty: 26 cantons with own constitutions; neutrality as constitutional principle (1815)","Magic formula providing stability since 1959; SVP rise disrupting consensus — Blocher entering Federal Council 2003, removed 2007; UDC/SVP winning popular votes but moderated by Federal Council collective; Bilateral agreements with EU: 2021 collapse of framework agreement; Ukraine war: first major neutrality challenge — partial sanctions alignment; direct democracy producing contradictions (accepted free movement + voted to restrict it)","Permanent neutrality 1815 — only country maintaining through both World Wars; non-UN until 2002; non-NATO + non-EU but deeply integrated via bilaterals; OSCE founding member; Ukraine war: first serious neutrality test in 80 years; US FATCA forcing banking transparency; G10/G20 participant without being G7 member","No comparable case exists — the most durable democratic system in the dataset (175+ years continuous). Consociational democracy + mandatory direct democracy + genuine multilingualism + armed neutrality operating simultaneously. The SVP case: largest party in parliament is nativist/Eurosceptic yet operates entirely within democratic institutions — the European case study for 'populism within democracy'. Direct democracy as simultaneous stabiliser (citizen buy-in, legitimacy) and risk (minarets vote restricting minority rights, mass immigration initiative). Genuine model boundary — the DSI would measure Switzerland as perfectly healthy while it passes initiatives restricting minority rights via democratic supermajority.","No meaningful match — genuinely unique","Netherlands consociationalism (40%)","Costa Rica stability (35%)","Excellent","V-Dem 1848–2024; Swiss Federal Chancellery vote data; SELECTS Swiss Election Studies; SRG exit polls; cantonal democracy data; 175yr continuous electoral record"
